排名, 显示卡, 类型, 性能, 架构, 出厂年份, 现在的价格, TDP
'1', 'GeForce RTX 4090', '桌面', '100.00', 'Ada Lovelace', '2022', '1756 USD', '450 W'
'2', 'GeForce RTX 4080', '桌面', '89.44', 'Ada Lovelace', '2022', '1451 USD', '320 W'
'3', 'GeForce RTX 4070 Ti', '桌面', '81.31', 'Ada Lovelace', '2023', '837 USD', '285 W'
'4', 'GeForce RTX 3090 Ti', '桌面', '76.68', 'Ampere', '2022', '1251 USD', '450 W'
'5', 'GeForce RTX 3080 Ti', '桌面', '70.27', 'Ampere', '2020', '1135 USD', '350 W'
'6', 'GeForce RTX 3090', '桌面', '69.16', 'Ampere', '2020', '1198 USD', '350 W'
'7', 'GeForce RTX 4070', '桌面', '68.99', 'Ada Lovelace', '2023', '791 USD', '200 W'
'8', 'GeForce RTX 3080 12 GB', '桌面', '68.75', 'Ampere', '2022', '1053 USD', '350 W'
'9', 'GeForce RTX 3080', '桌面', '65.20', 'Ampere', '2020', '823 USD', '320 W'
'10', 'GeForce RTX 3070 Ti', '桌面', '61.08', 'Ampere', '2021', '757 USD', '290 W'
'11', 'RTX A5000', '用于工作站', '59.37', 'Ampere', '2021', '3327 USD', '230 W'
'12', 'GeForce RTX 3070', '桌面', '57.77', 'Ampere', '2020', '662 USD', '220 W'
'13', 'GeForce RTX 4060 Ti', '桌面', '57.76', 'Ada Lovelace', '2023', '461 USD', '160 W'
'14', 'GeForce RTX 2080 Ti', '桌面', '56.18', 'Turing', '2018', '297 USD', '270 W'
'15', 'RTX A4500', '用于工作站', '55.99', 'Ampere', '2021', '2591 USD', '200 W'
'16', 'GeForce RTX 4090 Mobile', '用于笔记本电脑', '53.65', 'Ada Lovelace', '2023', '−', '150 W'
'17', 'RTX A5500', '桌面', '53.45', 'Ampere', '2022', '3965 USD', '230 W'
'18', 'Quadro GV100', '用于工作站', '52.94', 'Volta', '2018', '5183 USD', '250 W'
'19', 'GeForce RTX 3060 Ti', '桌面', '52.93', 'Ampere', '2020', '361 USD', '220 W'
'20', 'GeForce RTX 4080 Mobile', '用于笔记本电脑', '52.00', 'Ada Lovelace', '2023', '−', '150 W'
'21', 'GeForce RTX 4060 Ti 8G', '桌面', '51.35', 'Ada Lovelace', '2023', '424 USD', '160 W'
'22', 'GeForce RTX 2080 Super', '桌面', '50.37', 'Turing', '2019', '599 USD', '250 W'
'23', 'GeForce RTX 4060', '桌面', '50.07', 'Ada Lovelace', '2023', '340 USD', '115 W'
'24', 'TITAN Xp', '桌面', '49.92', 'Pascal', '2017', '174 USD', '250 W'
'25', 'Quadro RTX 8000', '用于工作站', '49.87', 'Turing', '2018', '3230 USD', '260 W'
'26', 'RTX A4000', '用于工作站', '49.59', 'Ampere', '2021', '1112 USD', '140 W'
'27', 'Quadro RTX 6000', '用于工作站', '49.43', 'Turing', '2018', '3083 USD', '260 W'
'28', 'GeForce RTX 4060 Ti 16G', '桌面', '49.03', 'Ada Lovelace', '−', '−', '−'
'29', 'TITAN RTX', '桌面', '48.47', 'Turing', '2018', '1035 USD', '280 W'
'30', 'GeForce RTX 2080', '桌面', '48.33', 'Turing', '2018', '426 USD', '215 W'
'31', 'A10G', '桌面', '48.12', 'Ampere', '2021', '216 USD', '150 W'
'32', 'GeForce GTX 1080 Ti', '桌面', '47.64', 'Pascal', '2017', '321 USD', '250 W'
'33', 'GeForce RTX 2070 Super', '桌面', '46.94', 'Turing', '2019', '261 USD', '215 W'
'34', 'GeForce RTX 3080 Ti Mobile', '用于笔记本电脑', '46.51', 'Ampere', '2022', '−', '150 W'
'35', 'GeForce RTX 4070 Mobile', '用于笔记本电脑', '46.02', 'Ada Lovelace', '2023', '−', '115 W'
'36', 'TITAN V', '桌面', '44.02', 'Volta', '2017', '228 USD', '250 W'
'37', 'GeForce RTX 3060', '桌面', '44.00', 'Ampere', '2021', '317 USD', '170 W'
'38', 'TITAN V CEO Edition', '桌面', '43.66', 'Volta', '2018', '1630 USD', '250 W'
'39', 'GeForce RTX 2060 Super', '桌面', '42.63', 'Turing', '2019', '374 USD', '175 W'
'40', 'Quadro RTX A6000', '用于工作站', '42.42', 'Ampere', '2020', '8932 USD', '300 W'
'41', 'GeForce RTX 3070 Ti Mobile', '用于笔记本电脑', '42.31', 'Ampere', '2022', '−', '125 W'
'42', 'GeForce RTX 3080 Mobile', '用于笔记本电脑', '42.27', 'Ampere', '2021', '−', '150 W'
'43', 'GeForce RTX 2070', '桌面', '41.56', 'Turing', '2018', '309 USD', '175 W'
'44', 'GeForce RTX 4060 Mobile', '用于笔记本电脑', '41.51', 'Ada Lovelace', '2023', '−', '115 W'
'45', 'Quadro RTX 5000', '用于工作站', '41.35', 'Turing', '2018', '1540 USD', '230 W'
'46', 'GeForce RTX 2060 12 GB', '桌面', '40.77', 'Turing', '2021', '530 USD', '184 W'
'47', 'RTX A5500 Mobile', '用于笔记本电脑', '40.60', 'Ampere', '2022', '−', '165 W'
'48', 'GeForce GTX 1070 SLI （移动）', '用于笔记本电脑', '40.31', 'Pascal', '2016', '274 USD', '−'
'49', 'Quadro GP100', '用于工作站', '40.11', 'Pascal', '2016', '1482 USD', '235 W'
'50', 'RTX A5000 Mobile', '用于笔记本电脑', '40.08', 'Ampere', '2021', '−', '165 W'
'51', 'Quadro P6000', '用于工作站', '39.88', 'Pascal', '2016', '989 USD', '250 W'
'52', 'GeForce GTX 1080', '桌面', '39.79', 'Pascal', '2016', '241 USD', '180 W'
'53', 'Quadro RTX 4000', '用于工作站', '39.67', 'Turing', '2018', '974 USD', '160 W'
'54', 'GeForce RTX 4050 Mobile', '用于笔记本电脑', '38.84', 'Ada Lovelace', '2023', '−', '115 W'
'55', 'GeForce RTX 2080 （移动）', '用于笔记本电脑', '38.83', 'Turing', '2019', '2003 USD', '150 W'
'56', 'GeForce RTX 2080 Super Mobile', '用于笔记本电脑', '38.73', 'Turing', '2020', '1671 USD', '150 W'
'57', 'GeForce GTX 1070 SLI', '桌面', '38.28', 'Pascal', '2016', '185 USD', '300 W'
'58', 'Quadro RTX 5000 （移动）', '用于移动工作站', '38.12', 'Turing', '2019', '3065 USD', '110 W'
'59', 'GeForce GTX 980 SLI （移动）', '用于笔记本电脑', '38.02', 'Maxwell', '2015', '301 USD', '330 W'
'60', 'GeForce GTX 1070 Ti', '桌面', '37.83', 'Pascal', '2017', '231 USD', '180 W'
'61', 'GeForce GTX 1080 SLI （移动）', '用于笔记本电脑', '37.52', 'Pascal', '2016', '352 USD', '−'
'62', 'GeForce RTX 3070 Mobile', '用于笔记本电脑', '36.92', 'Ampere', '2021', '−', '125 W'
'63', 'GeForce RTX 2070 Super Mobile', '用于笔记本电脑', '36.84', 'Turing', '2020', '1443 USD', '115 W'
'64', 'GeForce RTX 2060', '桌面', '36.28', 'Turing', '2019', '397 USD', '175 W'
'65', 'GeForce RTX 2070 Super Max-Q', '用于笔记本电脑', '35.75', 'Turing', '2020', '812 USD', '80 W'
'66', 'GeForce RTX 2080 Max-Q', '用于笔记本电脑', '35.71', 'Turing', '2019', '1268 USD', '80 W'
'67', 'GeForce GTX 1080 （移动）', '用于笔记本电脑', '35.66', 'Pascal', '2016', '230 USD', '150 W'
'68', 'GeForce GTX 980 Ti', '桌面', '35.56', 'Maxwell', '2015', '1195 USD', '250 W'
'69', 'GeForce RTX 2080 Super Max-Q', '用于笔记本电脑', '35.55', 'Turing', '2020', '812 USD', '90 W'
'70', 'RTX A2000', '桌面', '35.51', 'Ampere', '2021', '567 USD', '70 W'
'71', 'Quadro RTX 5000 Max-Q', '用于移动工作站', '34.93', 'Turing', '2019', '2130 USD', '80 W'
'72', 'RTX A2000 12 GB', '桌面', '34.93', 'Ampere', '2021', '967 USD', '70 W'
'73', 'GeForce GTX 1070', '桌面', '34.73', 'Pascal', '2016', '180 USD', '150 W'
'74', 'RTX A3000 Mobile', '用于笔记本电脑', '33.88', 'Ampere', '2021', '−', '130 W'
'75', 'GeForce GTX TITAN X', '桌面', '33.55', 'Maxwell 2.0', '2015', '290 USD', '250 W'
'76', 'Titan X Pascal', '桌面', '33.48', 'Pascal', '2016', '312 USD', '250 W'
'77', 'GeForce GTX 1660 Ti', '桌面', '33.31', 'Turing', '2019', '284 USD', '120 W'
'78', 'GeForce GTX 1660 Super', '桌面', '32.86', 'Turing', '2019', '277 USD', '125 W'
'79', 'Tesla P40', '用于工作站', '32.60', 'Pascal', '2016', '131 USD', '250 W'
'80', 'Tesla T10', '用于工作站', '32.51', 'Turing', '−', '−', '260 W'
'81', 'Quadro P5200', '用于移动工作站', '32.46', 'Pascal', '2017', '3894 USD', '150 W'
'82', 'GeForce RTX 3050 8 GB', '桌面', '32.42', 'Ampere', '2022', '385 USD', '130 W'
'83', 'Quadro P5200 Max-Q', '用于工作站', '32.41', 'Pascal', '2018', '−', '100 W'
'84', 'GeForce RTX 3060 Mobile', '用于笔记本电脑', '32.26', 'Ampere', '2021', '−', '115 W'
'85', 'Quadro RTX 4000 （移动）', '用于移动工作站', '32.23', 'Turing', '2019', '2890 USD', '110 W'
'86', 'Quadro RTX 4000 Max-Q', '用于移动工作站', '32.21', 'Turing', '2019', '−', '80 W'
'87', 'GeForce RTX 2070 （移动）', '用于笔记本电脑', '31.75', 'Turing', '2019', '1758 USD', '115 W'
'88', 'Quadro P5000', '用于工作站', '31.40', 'Pascal', '2016', '1270 USD', '180 W'
'89', 'GeForce RTX 3050 OEM', '桌面', '30.93', 'Ampere', '2022', '−', '130 W'
'90', 'GeForce RTX 2070 Max-Q', '用于笔记本电脑', '30.55', 'Turing', '2019', '1311 USD', '80 W'
'91', 'Quadro M6000', '用于工作站', '30.32', 'Maxwell 2.0', '2015', '1792 USD', '250 W'
'92', 'Quadro M6000 24 GB', '用于工作站', '30.29', 'Maxwell 2.0', '2016', '2104 USD', '250 W'
'93', 'GeForce GTX 1660', '桌面', '30.14', 'Turing', '2019', '252 USD', '120 W'
'94', 'Quadro P4000', '用于工作站', '29.91', 'Pascal', '2017', '485 USD', '105 W'
'95', 'Quadro P5000 （移动）', '用于移动工作站', '29.71', 'Pascal', '2017', '2137 USD', '100 W'
'96', 'GeForce RTX 2060 （移动）', '用于笔记本电脑', '29.18', 'Turing', '2019', '1250 USD', '80 W'
'97', 'GeForce GTX 980', '桌面', '28.61', 'Maxwell', '2014', '339 USD', '220 W'
'98', 'CMP 40HX', '桌面', '28.46', 'Turing', '2021', '152 USD', '185 W'
'99', 'Quadro P4200 Max-Q', '用于工作站', '28.32', 'Pascal', '2018', '−', '100 W'
'100', 'GeForce GTX 1070 （移动）', '用于笔记本电脑', '28.27', 'Pascal', '2016', '379 USD', '115 W'
'101', 'Tesla T4', '用于工作站', '27.57', 'Turing', '2018', '782 USD', '70 W'
'102', 'Tesla M40 24 GB', '用于工作站', '26.92', 'Maxwell 2.0', '2015', '250 USD', '250 W'
'103', 'GeForce GTX 1060 6 GB', '桌面', '26.35', 'Pascal', '2016', '911 USD', '120 W'
'104', 'GeForce GTX 1660 Ti （移动）', '用于笔记本电脑', '26.25', 'Turing', '2019', '682 USD', '80 W'
'105', 'GeForce GTX 1080 Max-Q', '用于笔记本电脑', '26.23', 'Pascal', '2017', '1008 USD', '90 W'
'106', 'Tesla M40', '用于工作站', '26.17', 'Maxwell 2.0', '2015', '101 USD', '250 W'
'107', 'Quadro RTX 3000 （移动）', '用于移动工作站', '26.00', 'Turing', '2019', '2393 USD', '80 W'
'108', 'GeForce GTX 1650 SUPER', '桌面', '26.00', 'Turing', '2019', '206 USD', '125 W'
'109', 'GeForce RTX 2060 Max-Q', '用于笔记本电脑', '25.17', 'Turing', '2019', '1680 USD', '65 W'
'110', 'RTX A2000 Mobile', '用于笔记本电脑', '25.10', 'Ampere', '2021', '−', '95 W'
'111', 'Quadro P4200', '用于移动工作站', '24.93', 'Pascal', '2018', '1526 USD', '115 W'
'112', 'GeForce RTX 3050 Ti Mobile', '用于笔记本电脑', '24.81', 'Ampere', '2021', '−', '60 W'
'113', 'GeForce GTX 970', '桌面', '24.78', 'Maxwell', '2014', '105 USD', '150 W'
'114', 'GeForce GTX 980M SLI', '用于笔记本电脑', '24.72', 'Maxwell', '2014', '499 USD', '200 W'
'115', 'GeForce GTX 1060 3 GB', '桌面', '24.64', 'Pascal', '2016', '1112 USD', '120 W'
'116', 'GeForce RTX 3050 4GB Mobile', '用于笔记本电脑', '24.42', 'Ampere', '2021', '−', '60 W'
'117', 'GeForce GTX 780 Ti', '桌面', '24.36', 'Kepler', '2013', '461 USD', '250 W'
'118', 'Quadro M5000', '用于工作站', '24.12', 'Maxwell 2.0', '2015', '823 USD', '150 W'
'119', 'Quadro P2200', '用于工作站', '24.09', 'Pascal', '2019', '409 USD', '75 W'
'120', 'GeForce GTX 970M SLI', '用于笔记本电脑', '23.98', 'Maxwell', '2014', '1326 USD', '162 W'
'121', 'Quadro P3200 Max-Q', '用于移动工作站', '23.76', 'Pascal', '2018', '−', '75 W'
'122', 'GeForce RTX 3050 Mobile', '用于笔记本电脑', '23.45', 'Ampere', '2022', '−', '130 W'
'123', 'Tesla P4', '用于工作站', '23.30', 'Pascal', '2016', '92 USD', '75 W'
'124', 'GeForce RTX 3050 6GB Mobile', '用于笔记本电脑', '23.28', 'Ampere', '2023', '−', '60 W'
'125', 'GeForce GTX TITAN BLACK', '桌面', '23.16', 'Kepler', '2014', '799 USD', '250 W'
'126', 'Quadro P3200', '用于移动工作站', '23.15', 'Pascal', '2017', '2122 USD', '78 W'
'127', 'GeForce GTX TITAN Z', '桌面', '23.10', 'Kepler', '2014', '830 USD', '375 W'
'128', 'GeForce GTX 1060 5 GB', '桌面', '23.06', 'Pascal', '2017', '203 USD', '120 W'
'129', 'Quadro P4000 Max-Q', '用于移动工作站', '22.66', 'Pascal', '2017', '803 USD', '80 W'
'130', 'GeForce GTX 1660 Ti Max-Q', '用于笔记本电脑', '22.65', 'Turing', '2019', '1037 USD', '60 W'
'131', 'GeForce GTX 980 （移动）', '用于笔记本电脑', '22.26', 'Maxwell', '2014', '251 USD', '100 W'
'132', 'Quadro RTX 3000 Max-Q', '用于移动工作站', '21.86', 'Turing', '2019', '−', '60 W'
'133', 'GeForce GTX 880M SLI', '用于笔记本电脑', '21.64', 'Kepler', '2014', '3098 USD', '206 W'
'134', 'Quadro P4000 （移动）', '用于移动工作站', '21.54', 'Pascal', '2017', '1053 USD', '73.4 W'
'135', 'RTX A1000 Mobile', '用于笔记本电脑', '21.49', 'Ampere', '2022', '−', '95 W'
'136', 'GeForce GTX TITAN', '桌面', '21.06', 'Kepler', '2013', '640 USD', '250 W'
'137', 'GeForce GTX 1060 （移动）', '用于笔记本电脑', '20.97', 'Pascal', '2016', '240 USD', '80 W'
'138', 'Quadro K6000', '用于工作站', '20.70', 'Kepler', '2013', '429 USD', '225 W'
'139', 'GeForce GTX 780', '桌面', '20.63', 'Kepler', '2013', '100 USD', '250 W'
'140', 'Quadro T2000 （移动）', '用于移动工作站', '20.52', 'Turing', '2019', '2221 USD', '60 W'
'141', 'Quadro M5500', '用于移动工作站', '20.34', 'Maxwell', '2016', '1700 USD', '150 W'
'142', 'GeForce GTX 1650', '桌面', '20.20', 'Turing', '2019', '185 USD', '75 W'
'143', 'GeForce GTX 1650 Ti Mobile', '用于笔记本电脑', '20.04', 'Turing', '2020', '892 USD', '50 W'
'144', 'Tesla M60', '用于工作站', '19.97', 'Maxwell 2.0', '2015', '81 USD', '300 W'
'145', 'Quadro T1200 Mobile', '用于移动工作站', '19.90', 'Turing', '2021', '−', '95 W'
'146', 'T1200 Mobile', '用于笔记本电脑', '19.90', 'Turing', '2021', '−', '95 W'
'147', 'T1000', '桌面', '19.73', 'Turing', '2021', '119 USD', '50 W'
'148', 'GeForce GTX 780M SLI', '用于笔记本电脑', '19.70', 'Kepler', '2013', '149 USD', '200 W'
'149', 'T1000 8 GB', '桌面', '19.50', 'Turing', '2021', '690 USD', '50 W'
'150', 'Tesla M6', '用于工作站', '19.30', 'Maxwell 2.0', '2015', '350 USD', '100 W'
'151', 'Quadro P3000 （移动）', '用于移动工作站', '19.08', 'Pascal', '2017', '537 USD', '75 W'
'152', 'GeForce GTX 980M', '用于笔记本电脑', '18.90', 'Maxwell', '2014', '583 USD', '100 W'
'153', 'Quadro P2000', '用于工作站', '18.68', 'Pascal', '2017', '371 USD', '75 W'
'154', 'GeForce RTX 2050 Mobile', '用于笔记本电脑', '18.33', 'Ampere', '2021', '−', '30 W'
'155', 'GeForce GTX 1650 （移动）', '用于笔记本电脑', '18.29', 'Turing', '2019', '301 USD', '50 W'
'156', 'Quadro M5000M', '用于移动工作站', '18.13', 'Maxwell', '2015', '468 USD', '100 W'
'157', 'GeForce GTX 1070 Max-Q', '用于笔记本电脑', '17.86', 'Pascal', '2017', '1244 USD', '115 W'
'158', 'Quadro T2000 Max-Q', '用于移动工作站', '17.81', 'Turing', '2019', '−', '35 W'
'159', 'GeForce GTX 965M SLI', '用于笔记本电脑', '17.18', 'Maxwell', '2015', '149 USD', '−'
'160', 'Quadro T1000 Max-Q', '用于移动工作站', '17.16', 'Turing', '2019', '−', '35 W'
'161', 'Quadro M4000', '用于工作站', '17.13', 'Maxwell 2.0', '2015', '314 USD', '120 W'
'162', 'Quadro T1000', '用于工作站', '16.95', 'Turing', '2019', '920 USD', '50 W'
'163', 'Quadro T1000 （移动）', '用于移动工作站', '16.81', 'Turing', '2019', '1890 USD', '50 W'
'164', 'T600', '桌面', '16.62', 'Turing', '2021', '143 USD', '40 W'
'165', 'GeForce GTX 680M SLI', '用于笔记本电脑', '16.51', 'Kepler', '2012', '149 USD', '−'
'166', 'GeForce GTX 1650 Ti Max-Q', '用于笔记本电脑', '16.46', 'Turing', '2020', '1183 USD', '35 W'
'167', 'Quadro T600 Mobile', '用于移动工作站', '16.28', 'Turing', '2021', '−', '40 W'
'168', 'GeForce GTX 1050 Ti', '桌面', '16.20', 'Pascal', '2016', '207 USD', '70 W'
'169', 'Quadro M4000M', '用于移动工作站', '16.00', 'Maxwell', '2015', '832 USD', '100 W'
'170', 'Tesla K80', '用于工作站', '15.96', 'Kepler 2.0', '2014', '83 USD', '300 W'
'171', 'P106-100', '桌面', '15.95', 'Pascal', '2017', '15 USD', '120 W'
'172', 'GeForce GTX 1650 Max-Q', '用于笔记本电脑', '15.69', 'Turing', '2019', '1185 USD', '35 W'
'173', 'GeForce MX570 A', '桌面', '15.60', 'Ampere', '2022', '1574 USD', '25 W'
'174', 'GeForce GTX 960', '桌面', '15.53', 'Maxwell', '2015', '440 USD', '100 W'
'175', 'Quadro K5200', '用于工作站', '15.49', 'Kepler', '2014', '451 USD', '150 W'
'176', 'GeForce MX570', '用于笔记本电脑', '15.47', 'Ampere', '2021', '−', '15 W'
'177', 'Quadro P2000 （移动）', '用于移动工作站', '15.31', 'Pascal', '2017', '1477 USD', '50 W'
'178', 'GeForce GTX 1050 Ti （移动）', '用于笔记本电脑', '15.21', 'Pascal', '2017', '545 USD', '75 W'
'179', 'GeForce GTX 770', '桌面', '15.16', 'Kepler', '2013', '254 USD', '230 W'
'180', 'GeForce GTX 1060 Max-Q 6 GB', '用于笔记本电脑', '15.14', 'Pascal', '2017', '1010 USD', '60 W'
'181', 'GeForce GTX 970M', '用于笔记本电脑', '14.69', 'Maxwell', '2014', '848 USD', '81 W'
'182', 'GeForce GTX 690', '桌面', '14.34', 'Kepler', '2012', '411 USD', '300 W'
'183', 'GeForce GTX 680', '桌面', '14.23', 'Kepler', '2012', '156 USD', '195 W'
'184', 'Quadro M3000M', '用于移动工作站', '14.14', 'Maxwell', '2015', '981 USD', '75 W'
'185', 'GeForce GTX 760 Ti OEM', '桌面', '13.95', 'Kepler', '2013', '229 USD', '170 W'
'186', 'GeForce GTX 1050 Ti Max-Q', '用于笔记本电脑', '13.80', 'Pascal', '2018', '1140 USD', '40 W'
'187', 'GeForce GTX 950', '桌面', '13.74', 'Maxwell', '2015', '13 USD', '90 W'
'188', 'GeForce GTX 770M SLI', '用于笔记本电脑', '13.73', 'Kepler', '2013', '149 USD', '150 W'
'189', 'GeForce GTX 670', '桌面', '13.65', 'Kepler', '2012', '22 USD', '170 W'
'190', 'GRID M60-2Q', '用于工作站', '13.37', 'Maxwell 2.0', '2015', '−', '225 W'
'191', 'GeForce GTX 1050 3 GB', '桌面', '13.20', 'Pascal', '2018', '1118 USD', '75 W'
'192', 'Quadro P2000 Max-Q', '用于移动工作站', '13.19', 'Pascal', '2017', '426 USD', '−'
'193', 'GeForce GTX 1050', '桌面', '12.97', 'Pascal', '2016', '211 USD', '60 W'
'194', 'GeForce GTX 1630', '桌面', '12.83', 'Turing', '2022', '213 USD', '75 W'
'195', 'GeForce GTX 1050 3GB Mobile', '用于笔记本电脑', '12.55', '2018', '−', '−', '_'
'196', 'GeForce GTX 760', '桌面', '12.28', 'Kepler', '2013', '136 USD', '170 W'
'197', 'GeForce GTX 860M SLI', '用于笔记本电脑', '11.86', 'Maxwell', '2014', '489 USD', '120 W'
'198', 'GeForce MX550', '用于笔记本电脑', '11.68', 'Turing', '2021', '−', '15 W'
'199', 'GeForce GTX 580', '桌面', '11.66', 'Fermi', '2010', '15 USD', '244 W'
'200', 'Tesla K40c', '用于工作站', '11.55', 'Kepler', '2013', '360 USD', '245 W'
'201', 'GeForce GTX 1050 （移动）', '用于笔记本电脑', '11.47', 'Pascal', '2017', '256 USD', '75 W'
'202', 'Quadro P1000', '用于工作站', '11.36', 'Pascal', '2017', '301 USD', '40 W'
'203', 'GeForce GTX 660 Ti', '桌面', '11.24', 'Kepler', '2012', '189 USD', '150 W'
'204', 'Tesla K20m', '用于工作站', '11.13', 'Kepler', '2013', '5781 USD', '225 W'
'205', 'Quadro K4200', '用于工作站', '11.09', 'Kepler', '2014', '311 USD', '108 W'
'206', 'Quadro M2200', '用于移动工作站', '11.04', 'Maxwell', '2017', '1967 USD', '55 W'
'207', 'GRID M60-1Q', '用于工作站', '10.92', 'Maxwell 2.0', '2015', '−', '225 W'
'208', 'GeForce GTX 680MX', '用于笔记本电脑', '10.65', 'Kepler', '2012', '200 USD', '122 W'
'209', 'GeForce GTX 480', '桌面', '10.38', 'Fermi', '2010', '16 USD', '295 W'
'210', 'GeForce GTX 765M SLI', '用于笔记本电脑', '10.32', 'Kepler', '2013', '149 USD', '130 W'
'211', 'GeForce GTX 660', '桌面', '10.28', 'Kepler', '2012', '172 USD', '140 W'
'212', 'P104-100', '桌面', '10.27', 'Pascal', '2017', '17 USD', '−'
'213', 'GeForce GTX 780 Rev. 2', '桌面', '10.23', 'Kepler', '2013', '270 USD', '250 W'
'214', 'T550 Mobile', '用于笔记本电脑', '10.22', 'Turing', '2022', '−', '25 W'
'215', 'Quadro K5000', '用于工作站', '10.21', 'Kepler', '2012', '289 USD', '122 W'
'216', 'Quadro M2000', '用于工作站', '10.18', 'Maxwell 2.0', '2016', '285 USD', '75 W'
'217', 'GeForce GTX 1050 Max-Q', '用于笔记本电脑', '10.12', 'Pascal', '2018', '1085 USD', '34 W'
'218', 'GeForce GTX 570', '桌面', '10.07', 'Fermi', '2010', '13 USD', '219 W'
'219', 'GeForce GTX 780M', '用于笔记本电脑', '10.03', 'Kepler', '2013', '1093 USD', '100 W'
'220', 'GeForce GTX 750 Ti', '桌面', '10.03', 'Maxwell', '2014', '357 USD', '75 W'
'221', 'GRID M60-8Q', '用于工作站', '9.98', 'Maxwell 2.0', '2015', '−', '225 W'
'222', 'GeForce GTX 580M SLI', '用于笔记本电脑', '9.94', 'Fermi', '2011', '249 USD', '100 W'
'223', 'GeForce GTX 880M', '用于笔记本电脑', '9.74', 'Kepler', '2014', '1544 USD', '103 W'
'224', 'GeForce GTX 670MX SLI', '用于笔记本电脑', '9.64', 'Kepler', '2012', '−', '150 W'
'225', 'GeForce MX450', '用于笔记本电脑', '9.59', 'Turing', '2020', '−', '25 W'
'226', 'GeForce GTX 965M', '用于笔记本电脑', '9.59', 'Maxwell', '2015', '1546 USD', '50 W'
'227', 'T400 4 GB', '桌面', '9.49', 'Turing', '2021', '216 USD', '30 W'
'228', 'Tesla M2090', '用于工作站', '9.40', 'Fermi 2.0', '2011', '1844 USD', '250 W'
'229', 'Tesla K8', '用于工作站', '9.37', 'Kepler', '2014', '249 USD', '100 W'
'230', 'T400', '桌面', '9.30', 'Turing', '2021', '83 USD', '30 W'
'231', 'Quadro P620', '用于工作站', '9.22', 'Pascal', '2019', '170 USD', '25 W'
'232', 'GeForce GTX 485M SLI', '用于笔记本电脑', '9.19', 'Fermi', '2011', '149 USD', '100 W'
'233', 'GRID M6-8Q', '用于工作站', '9.17', 'Maxwell 2.0', '2015', '−', '100 W'
'234', 'GeForce GTX 775M', '用于笔记本电脑', '9.13', 'Kepler', '2013', '780 USD', '100 W'
'235', 'Quadro K2200', '用于工作站', '9.11', 'Maxwell', '2014', '313 USD', '68 W'
'236', 'GRID K520', '用于工作站', '9.04', 'Kepler', '2013', '80 USD', '225 W'
'237', 'Quadro 7000', '用于工作站', '9.01', 'Fermi 2.0', '2012', '965 USD', '204 W'
'238', 'Tesla M10', '用于工作站', '8.97', 'Maxwell', '2016', '1999 USD', '225 W'
'239', 'Quadro M2000M', '用于移动工作站', '8.90', 'Maxwell', '2015', '363 USD', '55 W'
'240', 'GeForce GTX 870M', '用于笔记本电脑', '8.86', 'Kepler', '2014', '403 USD', '100 W'
'241', 'Tesla K20c', '用于工作站', '8.86', 'Kepler', '2012', '591 USD', '225 W'
'242', 'Quadro K2200M', '用于工作站', '8.84', 'Maxwell', '2014', '228 USD', '65 W'
'243', 'GeForce GTX 960M', '用于笔记本电脑', '8.73', 'Maxwell', '2015', '799 USD', '75 W'
'244', 'Quadro T500 Mobile', '用于移动工作站', '8.70', 'Turing', '2019', '−', '25 W'
'245', 'GeForce GTX 675M SLI', '用于笔记本电脑', '8.68', 'Fermi', '2011', '499 USD', '2 W'
'246', 'Tesla C2075', '用于工作站', '8.65', 'Fermi 2.0', '2011', '2237 USD', '247 W'
'247', 'GeForce GTX 750', '桌面', '8.62', 'Maxwell', '2014', '340 USD', '55 W'
'248', 'GeForce GTX 650 Ti Boost', '桌面', '8.61', 'Kepler', '2013', '285 USD', '134 W'
'249', 'GeForce GTX 590', '桌面', '8.59', 'Fermi', '2011', '600 USD', '365 W'
'250', 'Tesla C2050', '用于工作站', '8.54', 'Fermi', '2011', '70 USD', '238 W'
'251', 'Tesla K40m', '用于工作站', '8.43', 'Kepler', '2013', '744 USD', '245 W'
'252', 'Quadro M1200', '用于移动工作站', '8.41', 'Maxwell', '2017', '1372 USD', '45 W'
'253', 'Quadro P600', '用于工作站', '8.37', 'Pascal', '2017', '207 USD', '25 W'
'254', 'GeForce GT 755M SLI', '用于笔记本电脑', '8.36', 'Kepler', '2013', '545 USD', '2 W'
'255', 'GeForce GTX 680M', '用于笔记本电脑', '8.24', 'Kepler', '2012', '293 USD', '100 W'
'256', 'GeForce GTX 560 Ti 448', '桌面', '8.09', 'Fermi 2.0', '2011', '624 USD', '210 W'
'257', 'Quadro K5100M', '用于移动工作站', '8.02', 'Kepler', '2013', '440 USD', '100 W'
'258', 'GeForce GTX 470', '桌面', '7.92', 'Fermi', '2010', '10 USD', '225 W'
'259', 'GeForce GTX 560 Ti', '桌面', '7.80', 'Fermi', '2011', '130 USD', '160 W'
'260', 'GeForce GTX 860M', '用于笔记本电脑', '7.80', 'Maxwell', '2014', '875 USD', '75 W'
'261', 'GRID M3-3020', '用于工作站', '7.60', 'Maxwell', '2016', '−', '−'
'262', 'GRID K260Q', '用于工作站', '7.58', 'Kepler', '2013', '−', '225 W'
'263', 'Tesla K20Xm', '用于工作站', '7.50', 'Kepler', '2012', '−', '235 W'
'264', 'Quadro M1000M', '用于移动工作站', '7.45', 'Maxwell', '2015', '706 USD', '40 W'
'265', 'Quadro K1200', '用于工作站', '7.43', 'Maxwell', '2015', '124 USD', '45 W'
'266', 'GRID K280Q', '用于工作站', '7.30', 'Kepler', '2013', '−', '225 W'
'267', 'Tesla C2070', '用于工作站', '7.30', 'Fermi', '2011', '5193 USD', '238 W'
'268', 'Quadro M620', '用于移动工作站', '7.27', 'Maxwell', '2017', '1958 USD', '30 W'
'269', 'GeForce MX350', '用于笔记本电脑', '7.25', 'Pascal', '2020', '−', '25 W'
'270', 'GeForce GTX 770M', '用于笔记本电脑', '7.17', 'Kepler', '2013', '178 USD', '50 W'
'271', 'Quadro K5000M', '用于移动工作站', '7.10', 'Kepler', '2012', '382 USD', '100 W'
'272', 'GeForce GTX 675MX', '用于笔记本电脑', '7.05', 'Kepler', '2012', '868 USD', '100 W'
'273', 'GRID K2', '用于工作站', '7.03', 'Kepler', '2013', '10 USD', '225 W'
'274', 'GeForce GTX 560', '桌面', '6.98', 'Fermi 2.0', '2011', '76 USD', '150 W'
'275', 'Quadro K4000', '用于工作站', '6.96', 'Kepler', '2013', '330 USD', '80 W'
'276', 'GeForce GTX 570 Rev. 2', '桌面', '6.96', 'Fermi 2.0', '2010', '249 USD', '219 W'
'277', 'Quadro 6000', '用于工作站', '6.94', 'Fermi', '2010', '1730 USD', '204 W'
'278', 'GeForce GTX 465', '桌面', '6.90', 'Fermi', '2010', '16 USD', '200 W'
'279', 'GeForce GT 750M SLI', '用于笔记本电脑', '6.84', 'Kepler', '2013', '545 USD', '−'
'280', 'Quadro K4100M', '用于移动工作站', '6.79', 'Kepler', '2013', '323 USD', '100 W'
'281', 'GRID M10-8Q', '用于工作站', '6.70', 'Maxwell', '2016', '−', '225 W'
'282', 'GeForce GTX 950M', '用于笔记本电脑', '6.66', 'Maxwell', '2015', '797 USD', '75 W'
'283', 'GeForce GTX 470M SLI', '用于笔记本电脑', '6.64', 'Fermi', '2010', '149 USD', '−'
'284', 'GeForce GTX 780M Mac Edition', '桌面', '6.64', 'Kepler', '2013', '149 USD', '122 W'
'285', 'GeForce GTX 950A', '桌面', '6.60', 'Maxwell', '2015', '1099 USD', '75 W'
'286', 'GRID K240Q', '用于工作站', '6.53', 'Kepler', '2013', '−', '225 W'
'287', 'GeForce GTX 650 Ti', '桌面', '6.51', 'Kepler', '2012', '251 USD', '110 W'
'288', 'GeForce GTX 850M', '用于笔记本电脑', '6.49', 'Maxwell', '2014', '163 USD', '45 W'
'289', 'GeForce GTX 480M SLI', '用于笔记本电脑', '6.41', 'Fermi', '2010', '149 USD', '100 W'
'290', 'GeForce GTX 560M SLI', '用于笔记本电脑', '6.40', 'Fermi', '2011', '149 USD', '100 W'
'291', 'GeForce GT 1030', '桌面', '6.39', 'Pascal', '2017', '137 USD', '30 W'
'292', 'GeForce MX330', '用于笔记本电脑', '6.35', 'Pascal', '2020', '1079 USD', '25 W'
'293', 'GeForce MX250', '用于笔记本电脑', '6.28', 'Pascal', '2019', '1165 USD', '10 W'
'294', 'GeForce GTX 960A', '桌面', '6.19', 'Maxwell', '2015', '243 USD', '75 W'
'295', 'GeForce GTX 485M', '用于笔记本电脑', '6.06', 'Fermi', '2010', '163 USD', '100 W'
'296', 'P106-090', '桌面', '6.02', 'Pascal', '2017', '26 USD', '75 W'
'297', 'GeForce MX150', '用于笔记本电脑', '5.86', 'Pascal', '2017', '1049 USD', '25 W'
'298', 'Quadro K3100M', '用于移动工作站', '5.83', 'Kepler', '2013', '683 USD', '75 W'
'299', 'GeForce GTX 460', '桌面', '5.79', 'Fermi', '2010', '128 USD', '160 W'
'300', 'Quadro K620', '用于工作站', '5.76', 'Maxwell', '2014', '286 USD', '45 W'
'301', 'Quadro M600M', '用于移动工作站', '5.51', 'Maxwell', '2015', '103 USD', '30 W'
'302', 'Quadro P520', '用于移动工作站', '5.40', 'Pascal', '2019', '1670 USD', '18 W'
'303', 'GeForce GTX 580M', '用于笔记本电脑', '5.33', 'Fermi', '2011', '170 USD', '100 W'
'304', 'GeForce 945M', '用于笔记本电脑', '5.30', 'Maxwell', '2015', '163 USD', '75 W'
'305', 'Quadro 5000M', '用于移动工作站', '5.29', 'Fermi', '2010', '3732 USD', '100 W'
'306', 'GeForce GTX 460 SE', '桌面', '5.17', 'Fermi', '2010', '350 USD', '150 W'
'307', 'GeForce GTX 765M', '用于笔记本电脑', '5.09', 'Kepler', '2013', '93 USD', '60 W'
'308', 'GeForce GTX 470M', '用于笔记本电脑', '5.02', 'Fermi', '2010', '78 USD', '75 W'
'309', 'GeForce GT 650M SLI', '用于笔记本电脑', '5.00', 'Kepler', '2012', '545 USD', '−'
'310', 'GeForce GTX 670MX', '用于笔记本电脑', '4.96', 'Kepler', '2012', '−', '75 W'
'311', 'GeForce GTX 460 v2', '桌面', '4.95', 'Fermi 2.0', '2011', '235 USD', '160 W'
'312', 'GeForce GTX 675M', '用于笔记本电脑', '4.95', 'Fermi', '2012', '218 USD', '100 W'
'313', 'Quadro 5000', '用于工作站', '4.94', 'Fermi', '2011', '991 USD', '152 W'
'314', 'GeForce GTX 560 SE', '桌面', '4.92', 'Fermi 2.0', '2012', '703 USD', '150 W'
'315', 'GeForce GTX 460M SLI', '用于笔记本电脑', '4.87', 'Fermi', '2010', '149 USD', '−'
'316', 'Tesla M2070', '用于工作站', '4.84', 'Fermi', '2011', '4064 USD', '225 W'
'317', 'GeForce GTX 570M', '用于笔记本电脑', '4.82', 'Fermi', '2011', '163 USD', '75 W'
'318', 'Quadro M520', '用于移动工作站', '4.81', 'Maxwell', '2017', '−', '25 W'
'319', 'Quadro K4000M', '用于移动工作站', '4.80', 'Kepler', '2012', '240 USD', '100 W'
'320', 'GeForce MX130', '用于笔记本电脑', '4.78', 'Maxwell', '2018', '899 USD', '15 W'
'321', 'GeForce 945A', '桌面', '4.76', 'Maxwell', '2015', '−', '33 W'
'322', 'GeForce MX230', '用于笔记本电脑', '4.71', 'Pascal', '2019', '1221 USD', '10 W'
'323', 'Quadro 5010M', '用于移动工作站', '4.55', 'Fermi', '2011', '134 USD', '100 W'
'324', 'GeForce GTX 650', '桌面', '4.51', 'Kepler', '2012', '207 USD', '65 W'
'325', 'GeForce GTX 670M', '用于笔记本电脑', '4.49', 'Fermi', '2012', '3 USD', '75 W'
'326', 'GeForce GTS 450 Rev. 2', '桌面', '4.37', 'Fermi 2.0', '2011', '−', '106 W'
'327', 'GeForce GTX 760M', '用于笔记本电脑', '4.37', 'Kepler', '2013', '163 USD', '45 W'
'328', 'GeForce GT 750M Mac Edition', '桌面', '4.30', 'Kepler', '2013', '50 USD', '50 W'
'329', 'GeForce GTX 460 768MB', '桌面', '4.26', 'Fermi', '−', '149 USD', '−'
'330', 'GeForce GT 755M', '用于笔记本电脑', '4.25', 'Kepler', '2013', '310 USD', '50 W'
'331', 'Quadro K3000M', '用于移动工作站', '4.23', 'Kepler', '2012', '223 USD', '75 W'
'332', 'GRID M40', '用于工作站', '4.22', 'Maxwell', '2016', '484 USD', '50 W'
'333', 'GeForce GTX 285M SLI', '用于笔记本电脑', '4.19', 'G9x', '2009', '149 USD', '150 W'
'334', 'GeForce GTX 480M', '用于笔记本电脑', '4.16', 'Fermi', '2010', '163 USD', '100 W'
'335', 'Quadro P400', '用于工作站', '4.11', 'Pascal', '2017', '73 USD', '30 W'
'336', 'Quadro K2000D', '用于工作站', '4.07', 'Kepler', '2013', '438 USD', '51 W'
'337', 'Quadro P500', '用于移动工作站', '4.05', 'Pascal', '2017', '300 USD', '18 W'
'338', 'Quadro K2000', '用于工作站', '4.03', 'Kepler', '2013', '550 USD', '51 W'
'339', 'GeForce GTX 550 Ti', '桌面', '3.95', 'Fermi', '2011', '197 USD', '116 W'
'340', 'GeForce GTX 285', '桌面', '3.89', 'Tesla 2.0', '2008', '98 USD', '204 W'
'341', 'GeForce 940MX', '用于笔记本电脑', '3.88', 'Maxwell', '2016', '950 USD', '15 W'
'342', 'GeForce 845M', '用于笔记本电脑', '3.87', 'Maxwell', '2014', '163 USD', '33 W'
'343', 'GeForce GT 740', '桌面', '3.83', 'Kepler', '2014', '279 USD', '64 W'
'344', 'Quadro 4000', '用于工作站', '3.81', 'Fermi', '2010', '295 USD', '142 W'
'345', 'GeForce MX110', '用于笔记本电脑', '3.73', 'Maxwell', '2018', '1057 USD', '30 W'
'346', 'Maxwell GPU Surface Book', '用于笔记本电脑', '3.71', 'Maxwell', '2015', '−', '−'
'347', 'GeForce GTX 660M', '用于笔记本电脑', '3.71', 'Kepler', '2012', '276 USD', '50 W'
'348', 'Maxwell GPU Surface Book (940M, GDDR5)', '用于笔记本电脑', '3.70', 'Maxwell', '2015', '−', '−'
'349', 'GeForce GTX 275', '桌面', '3.64', 'Tesla 2.0', '2009', '82 USD', '219 W'
'350', 'Quadro K2100M', '用于移动工作站', '3.50', 'Kepler', '2013', '208 USD', '55 W'
'351', 'GeForce GT 640 Rev. 2', '桌面', '3.47', 'Kepler 2.0', '2013', '230 USD', '49 W'
'352', 'GeForce 930A', '桌面', '3.41', 'Maxwell', '2015', '350 USD', '33 W'
'353', 'Quadro 4000M', '用于移动工作站', '3.38', 'Fermi', '2011', '118 USD', '100 W'
'354', 'GeForce GTS 450', '桌面', '3.37', 'Fermi', '2010', '127 USD', '106 W'
'355', 'GeForce GT 750M', '用于笔记本电脑', '3.37', 'Kepler', '2013', '1119 USD', '35 W'
'356', 'Tesla M2070-Q', '用于工作站', '3.35', 'Fermi', '2011', '−', '225 W'
'357', 'GeForce GTX 775M Mac Edition', '桌面', '3.34', 'Kepler', '2013', '149 USD', '100 W'
'358', 'GeForce 930MX', '用于笔记本电脑', '3.33', 'Maxwell', '2016', '1808 USD', '15 W'
'359', 'GeForce GTX 660 OEM', '桌面', '3.33', 'Kepler', '2012', '481 USD', '130 W'
'360', 'GeForce GTX 280M SLI', '用于笔记本电脑', '3.28', 'G9x', '2009', '149 USD', '150 W'
'361', 'GeForce GTX 280', '桌面', '3.28', 'Tesla 2.0', '2008', '159 USD', '236 W'
'362', 'GeForce GTX 460M', '用于笔记本电脑', '3.16', 'Fermi', '2010', '88 USD', '50 W'
'363', 'GeForce GTX 260', '桌面', '3.16', 'Tesla 2.0', '2008', '49 USD', '182 W'
'364', 'GeForce GTX 760A', '桌面', '3.15', 'Kepler', '2014', '−', '55 W'
'365', 'GeForce GTX 560M', '用于笔记本电脑', '3.14', 'Fermi', '2011', '1198 USD', '75 W'
'366', 'Quadro FX 5800', '用于工作站', '3.13', 'Tesla 2.0', '2008', '157 USD', '189 W'
'367', 'GeForce GTX 260M SLI', '用于笔记本电脑', '3.11', 'G9x', '2009', '149 USD', '150 W'
'368', 'GeForce GT 650M', '用于笔记本电脑', '3.10', 'Kepler', '2012', '679 USD', '45 W'
'369', 'GeForce GT 745A', '桌面', '3.09', 'Kepler', '2013', '530 USD', '33 W'
'370', 'GeForce 9800M GTX SLI', '用于笔记本电脑', '3.07', 'G9x', '2008', '149 USD', '150 W'
'371', 'GRID K340', '用于工作站', '3.06', 'Kepler', '2013', '99 USD', '225 W'
'372', 'GeForce GTX 295', '桌面', '3.05', 'Tesla 2.0', '2009', '200 USD', '289 W'
'373', 'GeForce 840A', '桌面', '3.03', 'Maxwell', '2014', '−', '33 W'
'374', 'GeForce GT 640', '桌面', '3.03', 'Kepler', '2012', '157 USD', '65 W'
'375', 'GeForce GTX 460 OEM', '桌面', '3.00', 'Fermi', '2010', '99 USD', '150 W'
'376', 'Quadro M500M', '用于移动工作站', '3.00', 'Maxwell', '2015', '775 USD', '30 W'
'377', 'Quadro K620M', '用于移动工作站', '2.99', 'Maxwell', '2015', '−', '30 W'
'378', 'NVS 810', '用于工作站', '2.98', 'Maxwell', '2015', '848 USD', '68 W'
'379', 'GeForce 830A', '桌面', '2.92', 'Maxwell', '2014', '−', '33 W'
'380', 'GeForce 940M', '用于笔记本电脑', '2.87', 'Maxwell', '2015', '879 USD', '25 W'
'381', 'GeForce 940A', '桌面', '2.84', 'Maxwell', '2015', '−', '33 W'
'382', 'GeForce GT 545', '桌面', '2.83', 'Fermi 2.0', '2011', '195 USD', '70 W'
'383', 'GeForce GT 745M', '用于笔记本电脑', '2.82', 'Kepler', '2013', '55 USD', '25 W'
'384', 'GeForce 920MX', '用于笔记本电脑', '2.79', 'Maxwell', '2015', '1597 USD', '16 W'
'385', 'Quadro K1100M', '用于移动工作站', '2.79', 'Kepler', '2013', '350 USD', '45 W'
'386', 'GeForce 840M', '用于笔记本电脑', '2.78', 'Maxwell', '2014', '743 USD', '33 W'
'387', 'GeForce GTX 850A', '桌面', '2.70', 'Maxwell', '2014', '−', '45 W'
'388', 'Quadro K2000M', '用于移动工作站', '2.61', 'Kepler', '2012', '92 USD', '55 W'
'389', 'Quadro 3000M', '用于移动工作站', '2.61', 'Fermi', '2011', '447 USD', '75 W'
'390', 'GeForce 930M', '用于笔记本电脑', '2.60', 'Maxwell', '2015', '160 USD', '12 W'
'391', 'GeForce 830M', '用于笔记本电脑', '2.59', 'Maxwell', '2014', '160 USD', '33 W'
'392', 'Quadro FX 4800', '用于工作站', '2.55', 'Tesla 2.0', '2008', '632 USD', '150 W'
'393', 'Quadro 2000D', '用于工作站', '2.52', 'Fermi', '2011', '151 USD', '62 W'
'394', 'Quadro CX', '用于工作站', '2.43', 'Tesla 2.0', '2008', '18 USD', '150 W'
'395', 'Quadro 2000', '用于工作站', '2.42', 'Fermi', '2010', '141 USD', '62 W'
'396', 'GeForce GT 645M', '用于笔记本电脑', '2.37', 'Kepler', '2012', '310 USD', '32 W'
'397', 'GeForce GT 640M', '用于笔记本电脑', '2.35', 'Kepler', '2012', '310 USD', '32 W'
'398', 'GRID K220Q', '用于工作站', '2.34', 'Kepler', '2014', '−', '225 W'
'399', 'GeForce 920A', '桌面', '2.18', 'Kepler 2.0', '2015', '179 USD', '33 W'
'400', 'GeForce GT 755M Mac Edition', '桌面', '2.13', 'Kepler', '2013', '50 USD', '50 W'
'401', 'GeForce GT 730', '桌面', '2.13', 'Fermi', '2014', '77 USD', '49 W'
'402', 'GeForce GT 730M', '用于笔记本电脑', '2.09', 'Kepler', '2013', '1000 USD', '33 W'
'403', 'GeForce GT 445M', '用于笔记本电脑', '2.08', 'Fermi', '2010', '310 USD', '35 W'
'404', 'Quadro FX 3800', '用于工作站', '2.05', 'Tesla 2.0', '2009', '171 USD', '108 W'
'405', 'GeForce 9800 GX2', '桌面', '2.05', 'Tesla', '2008', '140 USD', '197 W'
'406', 'GeForce GT 740M', '用于笔记本电脑', '2.03', 'Kepler', '2013', '310 USD', '25 W'
'407', 'Quadro K1000M', '用于移动工作站', '2.02', 'Kepler', '2012', '232 USD', '45 W'
'408', 'GeForce 825M', '用于笔记本电脑', '2.01', 'Kepler', '2014', '160 USD', '33 W'
'409', 'Quadro 2000M', '用于移动工作站', '2.00', 'Fermi', '2011', '135 USD', '55 W'
'410', 'GeForce GT 440', '桌面', '1.99', 'Fermi', '2011', '160 USD', '65 W'
'411', 'GeForce 9800 GTX', '桌面', '1.98', 'Tesla', '2008', '151 USD', '140 W'
'412', 'Quadro K420', '用于工作站', '1.96', 'Kepler', '2014', '402 USD', '41 W'
'413', 'GeForce 8800M GTX SLI', '用于笔记本电脑', '1.95', 'G9x', '2007', '149 USD', '130 W'
'414', 'GeForce 9800M GTS SLI', '用于笔记本电脑', '1.94', 'G9x', '2008', '149 USD', '150 W'
'415', 'GeForce 9800M GT SLI', '用于笔记本电脑', '1.93', 'G9x', '2008', '545 USD', '130 W'
'416', 'Quadro K600', '用于工作站', '1.93', 'Kepler', '2013', '220 USD', '41 W'
'417', 'GeForce GT 730A', '桌面', '1.91', 'Kepler 2.0', '2014', '−', '33 W'
'418', 'GRID K140Q', '用于工作站', '1.87', 'Kepler', '2013', '−', '130 W'
'419', 'GeForce 920M', '用于笔记本电脑', '1.87', 'Kepler', '2015', '895 USD', '33 W'
'420', 'Quadro K610M', '用于移动工作站', '1.86', 'Kepler', '2013', '210 USD', '30 W'
'421', 'NVS 510', '用于工作站', '1.83', 'Kepler', '2012', '61 USD', '35 W'
'422', 'GeForce GT 630', '桌面', '1.75', 'Fermi', '2012', '112 USD', '65 W'
'423', 'GeForce GTS 160M', '用于笔记本电脑', '1.74', 'G9x', '2009', '230 USD', '60 W'
'424', 'Quadro FX 4700 X2', '用于工作站', '1.74', 'Tesla', '2008', '−', '226 W'
'425', 'GeForce GT 640M LE', '用于笔记本电脑', '1.73', 'Fermi / Kepler', '2012', '310 USD', '32 W'
'426', 'GeForce GT 740A', '桌面', '1.71', 'Kepler 2.0', '2013', '−', '33 W'
'427', 'GeForce GT 555M', '用于笔记本电脑', '1.71', 'Fermi', '2011', '310 USD', '35 W'
'428', 'GeForce GT 640 OEM', '桌面', '1.70', 'Kepler', '2012', '99 USD', '50 W'
'429', 'GeForce GTS 360M', '用于笔记本电脑', '1.69', 'GT2xx', '2010', '230 USD', '38 W'
'430', 'GRID K1', '用于工作站', '1.67', 'Kepler', '2013', '317 USD', '130 W'
'431', 'GeForce GTX 285M', '用于笔记本电脑', '1.67', 'G9x', '2009', '111 USD', '75 W'
'432', 'GeForce GT 630 OEM', '桌面', '1.65', 'Kepler', '2012', '429 USD', '50 W'
'433', 'GeForce 8800 Ultra', '桌面', '1.65', 'Tesla', '2007', '235 USD', '171 W'
'434', 'NVS 5400M', '用于移动工作站', '1.62', 'Fermi', '2012', '381 USD', '35 W'
'435', 'GeForce GT 710', '桌面', '1.62', 'Kepler', '2014', '81 USD', '19 W'
'436', 'GRID K160Q', '用于工作站', '1.61', 'Kepler', '2013', '−', '130 W'
'437', 'GeForce GT 735M', '用于笔记本电脑', '1.61', 'Kepler', '2013', '310 USD', '33 W'
'438', 'GeForce 810A', '桌面', '1.60', 'Kepler 2.0', '2014', '−', '15 W'
'439', 'GeForce GT 650M Mac Edition', '桌面', '1.59', 'Kepler', '2012', '50 USD', '45 W'
'440', 'GeForce 720A', '桌面', '1.58', 'Fermi 2.0', '2014', '639 USD', '33 W'
'441', 'GeForce GT 720', '桌面', '1.57', 'Kepler 2.0', '2014', '394 USD', '19 W'
'442', 'Quadro K510M', '用于移动工作站', '1.57', 'Kepler', '2013', '−', '30 W'
'443', 'GeForce GTS 250', '桌面', '1.56', 'Tesla', '2009', '131 USD', '150 W'
'444', 'GeForce GTX 660M Mac Edition', '桌面', '1.55', 'Kepler', '2013', '149 USD', '50 W'
'445', 'Quadro FX 3800M', '用于移动工作站', '1.55', 'G9x', '2009', '199 USD', '100 W'
'446', 'GeForce GT 430', '桌面', '1.55', 'Fermi', '2010', '59 USD', '49 W'
'447', 'GeForce GT 720A', '桌面', '1.54', 'Fermi 2.0', '2014', '639 USD', '33 W'
'448', 'GeForce 8800 GTX', '桌面', '1.53', 'Tesla', '2006', '357 USD', '155 W'
'449', 'GeForce 910M', '用于笔记本电脑', '1.52', 'Kepler', '2015', '163 USD', '15 W'
'450', 'GeForce GT 550M', '用于笔记本电脑', '1.50', 'Fermi', '2011', '55 USD', '35 W'
'451', 'GeForce GT 820M', '桌面', '1.49', 'Fermi 2.0', '2013', '310 USD', '15 W'
'452', 'GeForce 8800 GTS 512', '桌面', '1.48', 'Tesla', '2007', '146 USD', '135 W'
'453', 'GeForce GTX 280M', '用于笔记本电脑', '1.48', 'G9x', '2009', '140 USD', '75 W'
'454', 'Quadro 1000M', '用于移动工作站', '1.47', 'Fermi', '2011', '129 USD', '45 W'
'455', 'Quadro 500M', '用于工作站', '1.47', 'Fermi', '2011', '58 USD', '35 W'
'456', 'GeForce GTS 250M', '用于笔记本电脑', '1.46', 'GT2xx', '2009', '230 USD', '28 W'
'457', 'GeForce GT 635M', '用于笔记本电脑', '1.45', 'Fermi', '2011', '55 USD', '35 W'
'458', 'GeForce 820A', '桌面', '1.42', 'Fermi 2.0', '2014', '238 USD', '15 W'
'459', 'GF117', '桌面', '1.42', 'Fermi 2.0', '−', '70 USD', '−'
'460', 'GeForce 615', '桌面', '1.40', 'Fermi', '2012', '858 USD', '49 W'
'461', 'GeForce GT 630M', '用于笔记本电脑', '1.40', 'Fermi', '2011', '1121 USD', '35 W'
'462', 'GeForce GT 435M', '用于笔记本电脑', '1.39', 'Fermi', '2010', '67 USD', '35 W'
'463', 'Quadro 600', '用于工作站', '1.39', 'Fermi', '2010', '118 USD', '40 W'
'464', 'GRID K180Q', '用于工作站', '1.37', 'Kepler', '2013', '−', '130 W'
'465', 'Quadro FX 5600', '用于工作站', '1.35', 'Tesla', '2007', '209 USD', '171 W'
'466', 'GeForce GT 425M', '用于笔记本电脑', '1.34', 'Fermi', '2010', '45 USD', '23 W'
'467', 'GeForce GT 240', '桌面', '1.34', 'GT2xx', '2009', '708 USD', '69 W'
'468', 'NVS 5200M', '用于移动工作站', '1.32', 'Fermi', '2012', '139 USD', '25 W'
'469', 'GeForce 820M', '用于笔记本电脑', '1.30', 'Fermi', '2014', '490 USD', '15 W'
'470', 'GeForce 9800 GTX+', '桌面', '1.30', 'Tesla', '2009', '151 USD', '141 W'
'471', 'GeForce GTS 150M', '用于笔记本电脑', '1.30', 'G9x', '2009', '230 USD', '45 W'
'472', 'GeForce 8800 GT', '桌面', '1.27', 'Tesla', '2007', '166 USD', '125 W'
'473', 'GeForce 9600 GT', '桌面', '1.26', 'Tesla', '2008', '141 USD', '95 W'
'474', 'GeForce GT 540M', '用于笔记本电脑', '1.25', 'Fermi', '2011', '283 USD', '35 W'
'475', 'Quadro K500M', '用于移动工作站', '1.23', 'Kepler', '2012', '20 USD', '35 W'
'476', 'GeForce 9800 GT', '桌面', '1.23', 'Tesla', '2008', '154 USD', '125 W'
'477', 'GeForce GT 625M', '用于笔记本电脑', '1.22', 'Fermi', '2012', '310 USD', '15 W'
'478', 'GeForce 800A', '桌面', '1.22', 'Fermi 2.0', '2014', '−', '15 W'
'479', 'GeForce 710A', '桌面', '1.22', 'Fermi 2.0', '2013', '−', '33 W'
'480', 'GeForce 800M', '桌面', '1.21', 'Fermi 2.0', '2014', '163 USD', '15 W'
'481', 'Quadro FX 3600M', '用于移动工作站', '1.20', 'G9x', '2008', '80 USD', '70 W'
'482', 'Quadro FX 1800M', '用于移动工作站', '1.20', 'GT2xx', '2010', '309 USD', '45 W'
'483', 'GeForce 710M', '用于笔记本电脑', '1.20', 'Fermi', '2013', '44 USD', '15 W'
'484', 'GeForce GT 720M', '用于笔记本电脑', '1.20', 'Fermi', '2013', '499 USD', '18 W'
'485', 'GeForce 8800M GTX', '用于笔记本电脑', '1.19', 'G9x', '2007', '160 USD', '65 W'
'486', 'GeForce GT 525M', '用于笔记本电脑', '1.18', 'Fermi', '2011', '310 USD', '25 W'
'487', 'Quadro FX 3700M', '用于移动工作站', '1.17', 'G9x', '2008', '163 USD', '75 W'
'488', 'GeForce 705M', '用于笔记本电脑', '1.17', 'Fermi', '2013', '163 USD', '15 W'
'489', 'GeForce 9800M GTX', '用于笔记本电脑', '1.17', 'G9x', '2008', '103 USD', '75 W'
'490', 'GeForce GT 710M', '桌面', '1.14', 'Fermi 2.0', '2013', '23 USD', '15 W'
'491', 'Quadro 410', '用于工作站', '1.14', 'Kepler', '2012', '41 USD', '38 W'
'492', 'GeForce 9800M GS', '用于笔记本电脑', '1.14', 'G9x', '2008', '180 USD', '60 W'
'493', 'GeForce GT 625 OEM', '桌面', '1.13', 'Fermi 2.0', '2013', '100 USD', '29 W'
'494', 'GeForce GT 620M', '用于笔记本电脑', '1.13', 'Fermi', '2012', '300 USD', '15 W'
'495', 'Quadro FX 4600', '用于工作站', '1.11', 'Tesla', '2007', '179 USD', '134 W'
'496', 'Quadro FX 2800M', '用于移动工作站', '1.08', 'G9x', '2009', '140 USD', '75 W'
'497', 'GeForce GT 420M', '用于笔记本电脑', '1.07', 'Fermi', '2010', '310 USD', '23 W'
'498', 'GeForce GT 640M Mac Edition', '桌面', '1.06', 'Kepler', '2013', '50 USD', '32 W'
'499', 'GeForce 810M', '桌面', '1.05', 'Fermi 2.0', '2014', '163 USD', '15 W'
'500', 'GeForce GTS 350M', '用于笔记本电脑', '1.05', 'GT2xx', '2010', '230 USD', '28 W'
'501', 'GeForce 9800M GTS', '用于笔记本电脑', '1.03', 'G9x', '2008', '230 USD', '75 W'
'502', 'Quadro FX 1800', '用于工作站', '1.03', 'Tesla', '2009', '132 USD', '59 W'
'503', 'GeForce GT 335M', '用于笔记本电脑', '1.00', 'GT200', '2010', '310 USD', '28 W'
'504', 'GeForce 7900 GTX', '桌面', '0.99', 'Curie', '2006', '228 USD', '84 W'
'505', 'GeForce 8800M GTS', '用于笔记本电脑', '0.98', 'G9x', '2007', '110 USD', '50 W'
'506', 'GeForce 9800M GT', '用于笔记本电脑', '0.98', 'G9x', '2008', '61 USD', '65 W'
'507', 'Quadro FX 3700', '用于工作站', '0.98', 'Tesla', '2008', '256 USD', '78 W'
'508', 'GeForce GTX 260M', '用于笔记本电脑', '0.97', 'G9x', '2009', '109 USD', '75 W'
'509', 'Quadro FX 2700M', '用于移动工作站', '0.97', 'G9x', '2008', '296 USD', '65 W'
'510', 'GeForce GT 620', '桌面', '0.94', 'Fermi', '2012', '125 USD', '49 W'
'511', 'Quadro NVS 5100M', '用于移动工作站', '0.94', 'GT2xx', '2010', '105 USD', '35 W'
'512', 'NVS 315', '用于工作站', '0.89', 'Fermi 2.0', '2013', '213 USD', '19 W'
'513', 'GeForce 7950 GT', '桌面', '0.88', 'Curie', '2006', '200 USD', '65 W'
'514', 'GeForce 8800 GS', '桌面', '0.85', 'Tesla', '2008', '145 USD', '105 W'
'515', 'GeForce 9600 GSO 512', '桌面', '0.85', 'Tesla', '2008', '75 USD', '90 W'
'516', 'GeForce 9600 GSO', '桌面', '0.84', 'Tesla', '2008', '75 USD', '84 W'
'517', 'GeForce GT 230', '桌面', '0.83', 'Tesla', '2009', '123 USD', '75 W'
'518', 'Quadro FX 3500M', '用于移动工作站', '0.79', 'G7x', '2007', '69 USD', '45 W'
'519', 'GeForce GT 520', '桌面', '0.79', 'Fermi 2.0', '2011', '88 USD', '29 W'
'520', 'GeForce GT 610', '桌面', '0.78', 'Fermi 2.0', '2012', '98 USD', '29 W'
'521', 'GeForce 8700M GT SLI', '用于笔记本电脑', '0.78', 'G8x', '2007', '545 USD', '58 W'
'522', 'GRID K120Q', '用于工作站', '0.75', 'Kepler', '2014', '−', '130 W'
'523', 'GeForce 610M', '用于笔记本电脑', '0.75', 'Fermi', '2011', '55 USD', '12 W'
'524', 'Quadro FX 3500', '用于工作站', '0.75', 'Curie', '2006', '920 USD', '80 W'
'525', 'GeForce 7800 GTX', '桌面', '0.75', 'Curie', '2005', '176 USD', '86 W'
'526', 'GeForce GT 415M', '用于笔记本电脑', '0.74', 'Fermi', '2010', '310 USD', '12 W'
'527', 'GeForce GT 520M', '用于笔记本电脑', '0.73', 'Fermi', '2011', '237 USD', '17 W'
'528', 'GeForce GT 520MX', '用于笔记本电脑', '0.72', 'Fermi', '2011', '3 USD', '20 W'
'529', 'GeForce 9700M GTS', '用于笔记本电脑', '0.71', 'G9x', '2008', '230 USD', '60 W'
'530', 'GeForce Go 7900 GTX', '用于笔记本电脑', '0.69', 'G7x', '2006', '535 USD', '45 W'
'531', 'GeForce 9650M GS', '用于笔记本电脑', '0.69', 'G8x', '2008', '180 USD', '29 W'
'532', 'NVS 4200M', '用于移动工作站', '0.69', 'Fermi', '2011', '229 USD', '25 W'
'533', 'GeForce Go 7950 GTX', '用于笔记本电脑', '0.68', 'G7x', '2006', '−', '45 W'
'534', 'GeForce 7900 GT', '桌面', '0.66', 'Curie', '2006', '241 USD', '48 W'
'535', 'Quadro NVS 510M', '用于工作站', '0.65', 'Curie', '2006', '105 USD', '35 W'
'536', 'GeForce 7900 GS', '桌面', '0.65', 'Curie', '2006', '124 USD', '49 W'
'537', 'GeForce 410M', '用于笔记本电脑', '0.65', 'Fermi', '2011', '163 USD', '15 W'
'538', 'NVS 310', '用于工作站', '0.64', 'Fermi 2.0', '2012', '80 USD', '20 W'
'539', 'GeForce 7800 GT', '桌面', '0.63', 'Curie', '2005', '225 USD', '65 W'
'540', 'Quadro FX 5500', '用于工作站', '0.62', 'Curie', '2006', '150 USD', '96 W'
'541', 'Quadro FX 4500 X2', '用于工作站', '0.61', 'Curie', '2006', '300 USD', '145 W'
'542', 'Quadro FX 570', '用于工作站', '0.60', 'Tesla', '2007', '173 USD', '38 W'
'543', 'Quadro FX 4500', '用于工作站', '0.58', 'Curie', '2005', '115 USD', '109 W'
'544', 'Quadro NVS 290', '用于工作站', '0.58', 'Tesla', '2007', '68 USD', '21 W'
'545', 'Quadro FX 2500M', '用于移动工作站', '0.56', 'G7x', '2005', '126 USD', '45 W'
'546', 'Quadro FX 880M', '用于移动工作站', '0.55', 'GT2xx', '2010', '980 USD', '35 W'
'547', 'GeForce GT 220', '桌面', '0.54', 'GT2xx', '2009', '121 USD', '58 W'
'548', 'GeForce Go 7600 GT', '用于笔记本电脑', '0.54', 'Curie', '2006', '535 USD', '−'
'549', 'GeForce 320M', '用于笔记本电脑', '0.54', 'GT2xx', '2010', '408 USD', '23 W'
'550', 'GeForce Go 7800 GTX', '用于笔记本电脑', '0.54', 'G7x', '2005', '207 USD', '65 W'
'551', 'GeForce 9700M GT', '用于笔记本电脑', '0.53', 'G9x', '2008', '310 USD', '45 W'
'552', 'Quadro NVS 320M', '用于移动工作站', '0.53', 'G8x', '2007', '66 USD', '20 W'
'553', 'GeForce GT 330M', '用于笔记本电脑', '0.53', 'GT2xx', '2010', '448 USD', '23 W'
'554', 'NVS 3100M', '用于移动工作站', '0.52', 'GT2xx', '2010', '269 USD', '14 W'
'555', 'GeForce GT 230M', '用于笔记本电脑', '0.52', 'GT2xx', '2009', '57 USD', '23 W'
'556', 'GeForce GT 240M', '用于笔记本电脑', '0.52', 'GT2xx', '2009', '129 USD', '23 W'
'557', 'GeForce 7950 GX2', '桌面', '0.52', 'Curie', '2006', '252 USD', '110 W'
'558', 'GeForce 7600 GT', '桌面', '0.52', 'Curie', '2006', '123 USD', '40 W'
'559', 'Quadro FX 1500', '用于工作站', '0.51', 'Curie', '2006', '159 USD', '65 W'
'560', 'GeForce 210', '桌面', '−', 'Tesla 2.0', '2009', '96 USD', '31 W'
'561', 'GeForce 305M', '用于笔记本电脑', '−', 'GT2xx', '2010', '163 USD', '14 W'
'562', 'GeForce 310M', '用于笔记本电脑', '−', 'GT2xx', '2010', '163 USD', '14 W'
'563', 'GeForce 315M', '用于笔记本电脑', '−', 'GT2xx', '2010', '163 USD', '14 W'
'564', 'GeForce 6100', '桌面', '−', 'Curie', '2004', '64 USD', '−'
'565', 'GeForce 6150', '桌面', '−', 'Curie', '2004', '164 USD', '−'
'566', 'GeForce 6150 LE', '桌面', '−', 'Curie', '2004', '29 USD', '−'
'567', 'GeForce 6200', '桌面', '−', 'Curie', '2004', '154 USD', '−'
'568', 'GeForce 6200 LE', '桌面', '−', 'Curie', '2005', '130 USD', '−'
'569', 'GeForce 6200 TurboCache', '桌面', '−', 'Curie', '2004', '100 USD', '−'
'570', 'GeForce 6500', '桌面', '−', 'Curie', '2005', '343 USD', '−'
'571', 'GeForce 6600', '桌面', '−', 'Curie', '2004', '34 USD', '−'
'572', 'GeForce 6600 GT', '桌面', '−', 'Curie', '2004', '20 USD', '−'
'573', 'GeForce 6600 LE', '桌面', '−', 'Curie', '2005', '195 USD', '−'
'574', 'GeForce 6610 XL', '桌面', '−', 'Curie', '2004', '−', '−'
'575', 'GeForce 6700 XL', '桌面', '−', 'Curie', '2004', '535 USD', '−'
'576', 'GeForce 6800', '桌面', '−', 'Curie', '2004', '250 USD', '−'
'577', 'GeForce 6800 GS', '桌面', '−', 'Curie', '2005', '181 USD', '−'
'578', 'GeForce 6800 GT', '桌面', '−', 'Curie', '2004', '213 USD', '67 W'
'579', 'GeForce 6800 LE', '桌面', '−', 'Curie', '2004', '161 USD', '−'
'580', 'GeForce 6800 Ultra', '桌面', '−', 'Curie', '2004', '300 USD', '81 W'
'581', 'GeForce 6800 XE', '桌面', '−', 'Curie', '2005', '−', '−'
'582', 'GeForce 6800 XT', '桌面', '−', 'Curie', '2005', '120 USD', '−'
'583', 'GeForce 7000M', '用于笔记本电脑', '−', '2006', '163 USD', '−', '_'
'584', 'GeForce 7100 GS', '桌面', '−', 'Curie', '2006', '168 USD', '−'
'585', 'GeForce 7200 GS', '桌面', '−', 'Curie', '2006', '70 USD', '−'
'586', 'GeForce 7300 GS', '桌面', '−', 'Curie', '2006', '171 USD', '23 W'
'587', 'GeForce 7300 GT', '桌面', '−', 'Curie', '2006', '86 USD', '24 W'
'588', 'GeForce 7300 LE', '桌面', '−', 'Curie', '2006', '79 USD', '−'
'589', 'GeForce 7300 SE', '桌面', '−', 'Curie', '2006', '−', '−'
'590', 'GeForce 7350 LE', '桌面', '−', 'Curie', '2006', '30 USD', '−'
'591', 'GeForce 7500 LE', '桌面', '−', 'Curie', '2006', '522 USD', '−'
'592', 'GeForce 7600 GS', '桌面', '−', 'Curie', '2006', '179 USD', '27 W'
'593', 'GeForce 7650 GS', '桌面', '−', 'Curie', '2006', '130 USD', '−'
'594', 'GeForce 8200', '桌面', '−', 'Tesla', '2007', '153 USD', '40 W'
'595', 'GeForce 8200M G', '用于笔记本电脑', '−', '2008', '1279 USD', '−', '_'
'596', 'GeForce 8300', '桌面', '−', 'Tesla', '2007', '215 USD', '40 W'
'597', 'GeForce 8300 GS', '桌面', '−', 'Tesla', '2007', '24 USD', '40 W'
'598', 'GeForce 8400', '桌面', '−', 'Tesla', '2007', '134 USD', '25 W'
'599', 'GeForce 8400 GS', '桌面', '−', 'Tesla', '2007', '125 USD', '40 W'
'600', 'GeForce 8400 SE', '桌面', '−', 'Tesla', '2008', '−', '50 W'
'601', 'GeForce 8400M G', '用于笔记本电脑', '−', 'Tesla', '2007', '1279 USD', '10 W'
'602', 'GeForce 8400M GS', '用于笔记本电脑', '−', 'Tesla', '2007', '18 USD', '11 W'
'603', 'GeForce 8400M GT', '用于笔记本电脑', '−', 'Tesla', '2007', '310 USD', '14 W'
'604', 'GeForce 8500 GT', '桌面', '−', 'Tesla', '2007', '231 USD', '30 W'
'605', 'GeForce 8600 GS', '桌面', '−', 'Tesla', '2007', '7 USD', '47 W'
'606', 'GeForce 8600 GT', '桌面', '−', 'Tesla', '2007', '182 USD', '47 W'
'607', 'GeForce 8600 GTS', '桌面', '−', 'Tesla', '2007', '84 USD', '60 W'
'608', 'GeForce 8600M GS', '用于笔记本电脑', '−', 'G8x', '2007', '66 USD', '20 W'
'609', 'GeForce 8600M GT', '用于笔记本电脑', '−', 'G8x', '2007', '414 USD', '20 W'
'610', 'GeForce 8700M GT', '用于笔记本电脑', '−', 'G8x', '2007', '310 USD', '29 W'
'611', 'GeForce 9100', '桌面', '−', 'Tesla', '2007', '4 USD', '40 W'
'612', 'GeForce 9100M G', '用于笔记本电脑', '−', '2008', '1279 USD', '−', '_'
'613', 'GeForce 9200', '桌面', '−', 'Tesla', '2007', '92 USD', '40 W'
'614', 'GeForce 9200M GS', '用于笔记本电脑', '−', 'Tesla', '2008', '180 USD', '13 W'
'615', 'GeForce 9300 GE', '桌面', '−', 'Tesla', '2008', '55 USD', '−'
'616', 'GeForce 9300 GS', '桌面', '−', 'Tesla', '2008', '89 USD', '−'
'617', 'GeForce 9300 SE', '桌面', '−', 'Tesla', '2008', '69 USD', '−'
'618', 'GeForce 9300M G', '用于笔记本电脑', '−', 'Tesla', '2008', '1279 USD', '13 W'
'619', 'GeForce 9300M GS', '用于笔记本电脑', '−', 'Tesla', '2008', '20 USD', '13 W'
'620', 'GeForce 9400', '桌面', '−', 'Tesla', '2007', '190 USD', '40 W'
'621', 'GeForce 9400 GT', '桌面', '−', 'Tesla', '2008', '128 USD', '50 W'
'622', 'GeForce 9400M', '桌面', '−', 'Tesla', '2008', '33 USD', '12 W'
'623', 'GeForce 9400M (G) / ION (LE)', '用于笔记本电脑', '−', '2008', '1030 USD', '12 W', '_'
'624', 'GeForce 9400M G', '桌面', '−', 'Tesla', '2008', '1279 USD', '12 W'
'625', 'GeForce 9500 GS', '桌面', '−', 'Tesla', '2008', '3 USD', '40 W'
'626', 'GeForce 9500 GT', '桌面', '−', 'Tesla', '2008', '153 USD', '50 W'
'627', 'GeForce 9500M G', '用于笔记本电脑', '−', 'G9x', '2008', '1279 USD', '20 W'
'628', 'GeForce 9500M GS', '用于笔记本电脑', '−', 'G8x', '2008', '180 USD', '20 W'
'629', 'GeForce 9600M GS', '用于笔记本电脑', '−', 'G9x', '2008', '154 USD', '20 W'
'630', 'GeForce 9600M GT', '用于笔记本电脑', '−', 'G9x', '2008', '287 USD', '23 W'
'631', 'GeForce 9650M GT', '用于笔记本电脑', '−', 'G9x', '2008', '49 USD', '23 W'
'632', 'GeForce FX 5100', '桌面', '−', 'Rankine', '2003', '−', '−'
'633', 'GeForce FX 5200', '桌面', '−', 'Celsius', '2003', '103 USD', '−'
'634', 'GeForce FX 5200 Ultra', '桌面', '−', 'Rankine', '2003', '110 USD', '−'
'635', 'GeForce FX 5500', '桌面', '−', 'Rankine', '2004', '135 USD', '−'
'636', 'GeForce FX 5600', '桌面', '−', 'Rankine', '2003', '124 USD', '37 W'
'637', 'GeForce FX 5600 Ultra', '桌面', '−', 'Rankine', '2003', '154 USD', '−'
'638', 'GeForce FX 5700', '桌面', '−', 'Rankine', '2003', '212 USD', '25 W'
'639', 'GeForce FX 5700 Ultra', '桌面', '−', 'Rankine', '2003', '99 USD', '46 W'
'640', 'GeForce FX 5900', '桌面', '−', 'Rankine', '2003', '315 USD', '−'
'641', 'GeForce FX 5900 Ultra', '桌面', '−', 'Rankine', '2003', '−', '59 W'
'642', 'GeForce FX 5950 Ultra', '桌面', '−', 'Rankine', '2003', '−', '74 W'
'643', 'GeForce FX Go 5200', '用于笔记本电脑', '−', '2003', '−', '−', '_'
'644', 'GeForce FX Go5300', '桌面', '−', 'Rankine', '2003', '−', '−'
'645', 'GeForce FX Go5650', '桌面', '−', 'Rankine', '2003', '−', '−'
'646', 'GeForce FX Go5700', '桌面', '−', 'Rankine', '2005', '−', '−'
'647', 'GeForce G 103M', '用于笔记本电脑', '−', 'G9x', '2009', '1279 USD', '−'
'648', 'GeForce G 105M', '用于笔记本电脑', '−', 'G9x', '2009', '1279 USD', '14 W'
'649', 'GeForce G102M', '桌面', '−', 'Tesla', '2009', '−', '14 W'
'650', 'GeForce G105M', '用于笔记本电脑', '−', 'Tesla 2.0', '2009', '109 USD', '14 W'
'651', 'GeForce G205M', '桌面', '−', 'Tesla', '2009', '−', '14 W'
'652', 'GeForce G210M', '用于笔记本电脑', '−', 'GT2xx', '2009', '43 USD', '14 W'
'653', 'GeForce Go 6100', '用于笔记本电脑', '−', '2006', '322 USD', '−', '_'
'654', 'GeForce Go 6150', '用于笔记本电脑', '−', '2006', '299 USD', '−', '_'
'655', 'GeForce Go 6200', '用于笔记本电脑', '−', 'Curie', '2006', '1000 USD', '10 W'
'656', 'GeForce Go 6400', '用于笔记本电脑', '−', 'Curie', '2006', '454 USD', '−'
'657', 'GeForce Go 6600', '用于笔记本电脑', '−', 'Curie', '2005', '161 USD', '−'
'658', 'GeForce Go 6800', '用于笔记本电脑', '−', 'Curie', '2005', '218 USD', '45 W'
'659', 'GeForce Go 6800 Ultra', '用于笔记本电脑', '−', 'Curie', '2005', '−', '89 W'
'660', 'GeForce Go 7200', '用于笔记本电脑', '−', 'Curie', '2006', '1008 USD', '−'
'661', 'GeForce Go 7300', '用于笔记本电脑', '−', 'Curie', '2006', '274 USD', '−'
'662', 'GeForce Go 7400', '用于笔记本电脑', '−', 'Curie', '2006', '1000 USD', '−'
'663', 'GeForce Go 7600', '用于笔记本电脑', '−', 'Curie', '2006', '450 USD', '−'
'664', 'GeForce Go 7700', '用于笔记本电脑', '−', 'Curie', '2006', '925 USD', '−'
'665', 'GeForce Go 7800', '用于笔记本电脑', '−', 'G7x', '2006', '207 USD', '35 W'
'666', 'GeForce Go 7900 GS', '用于笔记本电脑', '−', 'G7x', '2006', '−', '20 W'
'667', 'GeForce GT 120M', '用于笔记本电脑', '−', 'G9x', '2009', '110 USD', '23 W'
'668', 'GeForce GT 130M', '用于笔记本电脑', '−', 'G9x', '2009', '89 USD', '23 W'
'669', 'GeForce GT 220M', '用于笔记本电脑', '−', 'GT2xx', '2009', '310 USD', '23 W'
'670', 'GeForce GT 320M', '用于笔记本电脑', '−', 'GT2xx', '2010', '310 USD', '14 W'
'671', 'GeForce GT 325M', '用于笔记本电脑', '−', 'GT2xx', '2010', '310 USD', '23 W'
'672', 'GeForce PCX 5300', '桌面', '−', 'Rankine', '2004', '−', '−'
'673', 'GeForce PCX 5750', '桌面', '−', 'Rankine', '2004', '123 USD', '50 W'
'674', 'GeForce PCX 5900', '桌面', '−', 'Rankine', '2003', '−', '−'
'675', 'GeForce2 Ultra', '桌面', '−', 'Celsius', '2000', '−', '−'
'676', 'GeForce4 Ti 4400', '桌面', '−', 'Kelvin', '2002', '−', '−'
'677', 'GeForce4 Ti 4800 SE', '桌面', '−', 'Kelvin', '2003', '−', '−'
'678', 'ION', '桌面', '−', 'Tesla', '2008', '69 USD', '20 W'
'679', 'ION 2', '用于笔记本电脑', '−', 'GT2xx', '2010', '622 USD', '6 W'
'680', 'ION LE', '桌面', '−', 'Tesla', '2008', '72 USD', '20 W'
'681', 'NV44', '桌面', '−', 'Curie', '−', '12 USD', '−'
'682', 'NVS 2100M', '用于移动工作站', '−', 'GT2xx', '2010', '142 USD', '11 W'
'683', 'NVS 300', '用于工作站', '−', 'Tesla 2.0', '2011', '101 USD', '18 W'
'684', 'NVS 5100M', '用于工作站', '−', 'Tesla 2.0', '2010', '25 USD', '35 W'
'685', 'Quadro 400', '用于工作站', '−', 'Tesla 2.0', '2011', '217 USD', '32 W'
'686', 'Quadro FX 1000', '用于工作站', '−', 'Rankine', '2003', '450 USD', '−'
'687', 'Quadro FX 1100', '用于工作站', '−', 'Rankine', '2004', '310 USD', '−'
'688', 'Quadro FX 1300', '用于工作站', '−', 'Rankine', '2004', '300 USD', '55 W'
'689', 'Quadro FX 1400', '用于工作站', '−', 'Curie', '2004', '552 USD', '55 W'
'690', 'Quadro FX 1500M', '用于移动工作站', '−', 'G7x', '2006', '69 USD', '20 W'
'691', 'Quadro FX 1600M', '用于移动工作站', '−', 'G8x', '2007', '212 USD', '50 W'
'692', 'Quadro FX 1700', '用于工作站', '−', 'Tesla', '2007', '272 USD', '42 W'
'693', 'Quadro FX 1700M', '用于移动工作站', '−', 'G9x', '2008', '69 USD', '50 W'
'694', 'Quadro FX 2000', '用于工作站', '−', 'Rankine', '2003', '529 USD', '−'
'695', 'Quadro FX 3000', '用于工作站', '−', 'Rankine', '2003', '533 USD', '−'
'696', 'Quadro FX 3450', '用于工作站', '−', 'Curie', '2005', '17 USD', '83 W'
'697', 'Quadro FX 350', '用于工作站', '−', 'Curie', '2006', '80 USD', '21 W'
'698', 'Quadro FX 350M', '用于移动工作站', '−', 'Curie', '2006', '69 USD', '15 W'
'699', 'Quadro FX 360M', '用于移动工作站', '−', 'Tesla', '2007', '69 USD', '17 W'
'700', 'Quadro FX 370', '用于工作站', '−', 'Tesla', '2007', '90 USD', '35 W'
'701', 'Quadro FX 370 LP', '用于工作站', '−', 'Tesla', '2008', '125 USD', '25 W'
'702', 'Quadro FX 370M', '用于移动工作站', '−', 'Tesla', '2008', '69 USD', '20 W'
'703', 'Quadro FX 380', '用于工作站', '−', 'Tesla', '2009', '38 USD', '34 W'
'704', 'Quadro FX 380 LP', '用于工作站', '−', 'Tesla 2.0', '2009', '92 USD', '28 W'
'705', 'Quadro FX 380M', '用于移动工作站', '−', 'GT2xx', '2010', '69 USD', '25 W'
'706', 'Quadro FX 4000', '用于工作站', '−', 'Curie', '2004', '168 USD', '142 W'
'707', 'Quadro FX 540', '用于工作站', '−', 'Curie', '2004', '50 USD', '25 W'
'708', 'Quadro FX 550', '用于工作站', '−', 'Curie', '2006', '289 USD', '30 W'
'709', 'Quadro FX 560', '用于工作站', '−', 'Curie', '2006', '89 USD', '30 W'
'710', 'Quadro FX 570M', '用于移动工作站', '−', 'G8x', '2007', '69 USD', '35 W'
'711', 'Quadro FX 580', '用于工作站', '−', 'Tesla', '2009', '84 USD', '40 W'
'712', 'Quadro FX 770M', '用于移动工作站', '−', 'G9x', '2008', '387 USD', '35 W'
'713', 'Quadro FX Go1400', '用于工作站', '−', 'Curie', '2005', '−', '−'
'714', 'Quadro NVS 110M', '用于移动工作站', '−', 'Curie', '2006', '99 USD', '10 W'
'715', 'Quadro NVS 120M', '用于移动工作站', '−', 'Curie', '2006', '99 USD', '10 W'
'716', 'Quadro NVS 130M', '用于移动工作站', '−', 'Tesla', '2007', '105 USD', '10 W'
'717', 'Quadro NVS 135M', '用于移动工作站', '−', 'Tesla', '2007', '105 USD', '10 W'
'718', 'Quadro NVS 140M', '用于移动工作站', '−', 'Tesla', '2007', '105 USD', '10 W'
'719', 'Quadro NVS 150M', '用于移动工作站', '−', 'Tesla', '2008', '105 USD', '10 W'
'720', 'Quadro NVS 160M', '用于移动工作站', '−', 'Tesla', '2008', '105 USD', '12 W'
'721', 'Quadro NVS 210S', '用于工作站', '−', 'Curie', '2003', '149 USD', '11 W'
'722', 'Quadro NVS 280 PCI', '用于工作站', '−', 'Rankine', '2003', '100 USD', '13 W'
'723', 'Quadro NVS 285', '用于工作站', '−', 'Curie', '2006', '57 USD', '18 W'
'724', 'Quadro NVS 295', '用于工作站', '−', 'Tesla', '2009', '54 USD', '23 W'
'725', 'Quadro NVS 420', '用于工作站', '−', 'Tesla', '2009', '102 USD', '40 W'
'726', 'Quadro NVS 440', '用于工作站', '−', 'Curie', '2006', '129 USD', '31 W'
'727', 'Quadro NVS 450', '用于工作站', '−', 'Tesla', '2008', '166 USD', '35 W'
'728', 'Quadro4 380 XGL', '用于工作站', '−', 'Celsius', '2002', '30 USD', '−'
