'1', 'Radeon PRO W7800', '用于工作站', '82.62', 'RDNA 3.0', '2023', '3907 USD', '260 W'
'2', 'Radeon RX 7900 XTX', '桌面', '80.06', 'RDNA 3', '2022', '859 USD', '355 W'
'3', 'Radeon PRO W7900', '用于工作站', '79.40', 'RDNA 3.0', '2023', '4649 USD', '295 W'
'4', 'Radeon RX 7900 XT', '桌面', '74.44', 'RDNA 3', '2022', '884 USD', '315 W'
'5', 'Radeon RX 6950 XT', '桌面', '73.58', 'Navi / RDNA2', '2022', '961 USD', '335 W'
'6', 'Radeon RX 7900 GRE', '桌面', '72.18', 'RDNA 3', '2023', '−', '260 W'
'7', 'Radeon RX 6900 XT', '桌面', '69.28', 'Navi / RDNA2', '2020', '957 USD', '300 W'
'8', 'RTX 6000 Ada Generation', '桌面', '64.75', 'Ada Lovelace', '2022', '−', '300 W'
'9', 'Radeon RX 6800 XT', '桌面', '64.65', 'Navi / RDNA2', '2020', '696 USD', '300 W'
'10', 'Radeon RX 7800 XT', '桌面', '63.02', 'RDNA 3', '2023', '−', '300 W'
'11', 'Radeon RX 6800', '桌面', '57.48', 'Navi / RDNA2', '2020', '781 USD', '250 W'
'12', 'Radeon RX 7700 XT', '桌面', '56.68', 'RDNA 3', '2023', '−', '245 W'
'13', 'RTX 4000 SFF Ada Generation', '桌面', '54.75', 'Ada Lovelace', '2023', '−', '70 W'
'14', 'Radeon RX 6750 XT', '桌面', '54.13', 'Navi / RDNA2', '2022', '559 USD', '250 W'
'15', 'Radeon RX 6700 XT', '桌面', '51.09', 'Navi / RDNA2', '2021', '685 USD', '230 W'
'16', 'Radeon Pro W6800', '用于工作站', '50.77', 'Navi / RDNA2', '2021', '1990 USD', '250 W'
'17', 'Radeon PRO W7600', '用于工作站', '50.35', 'RDNA 3.0', '2023', '−', '130 W'
'18', 'RTX 5000 Ada Generation Mobile', '用于笔记本电脑', '49.96', 'Ada Lovelace', '2023', '−', '150 W'
'19', 'Radeon RX 6700', '桌面', '48.22', 'RDNA 2.0', '2021', '551 USD', '175 W'
'20', 'Radeon RX 6850M XT', '用于笔记本电脑', '46.87', 'RDNA 2', '2022', '−', '145 W'
'21', 'Radeon Pro W5700X', '用于工作站', '45.21', 'RDNA 1.0', '2019', '−', '205 W'
'22', 'Radeon RX 6650 XT', '桌面', '45.01', 'Navi / RDNA2', '2022', '465 USD', '176 W'
'23', 'Radeon RX 7700S', '用于笔记本电脑', '44.93', 'RDNA 3', '2023', '−', '100 W'
'24', 'Radeon RX 5700 XT', '桌面', '43.28', 'Navi / RDNA', '2019', '111 USD', '225 W'
'25', 'Radeon VII', '桌面', '43.09', 'Vega', '2019', '160 USD', '295 W'
'26', 'Radeon RX 5700 XT 50th Anniversary', '桌面', '42.77', 'RDNA 1.0', '2019', '409 USD', '225 W'
'27', 'Radeon RX 7600', '桌面', '42.41', 'RDNA 3.0', '2023', '352 USD', '165 W'
'28', 'Radeon RX 6600 XT', '桌面', '42.29', 'Navi / RDNA2', '2021', '283 USD', '160 W'
'29', 'Radeon Pro W6600', '用于工作站', '41.52', 'RDNA 2.0', '2021', '1522 USD', '100 W'
'30', 'Radeon Pro Vega II Duo', '用于工作站', '41.06', 'GCN 5.1', '2019', '5226 USD', '475 W'
'31', 'Radeon PRO W7500', '用于工作站', '40.69', 'RDNA 3.0', '2023', '−', '70 W'
'32', 'Radeon Pro Vega II', '用于工作站', '40.27', 'GCN 5.1', '2019', '9999 USD', '475 W'
'33', 'Radeon RX 6800S', '用于笔记本电脑', '39.93', 'RDNA 2', '2021', '−', '100 W'
'34', 'Radeon Pro W5700', '用于工作站', '39.76', 'RDNA 1.0', '2019', '748 USD', '205 W'
'35', 'Radeon Pro VII', '用于工作站', '39.69', 'GCN 5.1', '2020', '2378 USD', '250 W'
'36', 'Radeon RX 6600', '桌面', '38.94', 'Navi / RDNA2', '2021', '358 USD', '132 W'
'37', 'Radeon RX 6600S', '用于笔记本电脑', '38.29', 'RDNA 2', '2022', '−', '80 W'
'38', 'Radeon RX 6700S', '用于笔记本电脑', '38.19', 'RDNA 2', '2022', '−', '80 W'
'39', 'Radeon RX 5700', '桌面', '37.62', 'Navi / RDNA', '2019', '116 USD', '180 W'
'40', 'Radeon Pro Vega 64X', '用于工作站', '37.60', 'GCN 5.0', '2019', '366 USD', '250 W'
'41', 'Radeon RX Vega 64', '桌面', '37.29', 'Vega', '2017', '125 USD', '295 W'
'42', 'RTX 3000 Ada Generation Mobile', '用于笔记本电脑', '36.77', 'Ada Lovelace', '2023', '−', '115 W'
'43', 'Radeon Pro WX 8200', '用于工作站', '35.79', 'GCN 5.0', '2018', '2172 USD', '230 W'
'44', 'Radeon RX 5600 XT', '桌面', '35.43', 'RDNA 1.0', '2020', '94 USD', '150 W'
'45', 'Radeon RX 7600M XT', '用于笔记本电脑', '35.21', 'RDNA 3', '2023', '−', '120 W'
'46', 'Radeon RX 6600M', '用于笔记本电脑', '34.88', 'RDNA 2', '2020', '−', '100 W'
'47', 'Radeon RX 6650M', '用于笔记本电脑', '34.87', 'RDNA 2', '2022', '−', '120 W'
'48', 'Radeon RX Vega 56', '桌面', '34.59', 'Vega', '2017', '224 USD', '210 W'
'49', 'Radeon Vega Frontier Edition', '桌面', '34.39', 'GCN 5.0', '2017', '961 USD', '300 W'
'50', 'Radeon RX 6700M', '用于笔记本电脑', '34.14', 'RDNA 2', '2020', '−', '135 W'
'51', 'Radeon RX 7600S', '用于笔记本电脑', '34.09', 'RDNA 3', '2023', '−', '75 W'
'52', 'Radeon PRO WX 9100', '用于工作站', '33.91', 'GCN 5.0', '2017', '1880 USD', '230 W'
'53', 'Radeon Pro W6600X', '用于工作站', '33.70', 'RDNA 2.0', '2021', '−', '120 W'
'54', 'Radeon RX 6800M', '用于笔记本电脑', '33.63', 'RDNA 2', '2021', '−', '145 W'
'55', 'Radeon Pro Vega 64', '用于工作站', '33.20', 'GCN 5.0', '2017', '6074 USD', '250 W'
'56', 'Radeon RX 5600 OEM', '桌面', '32.74', 'RDNA 1.0', '2020', '154 USD', '150 W'
'57', 'Radeon Pro 5700 XT', '用于工作站', '32.62', 'RDNA 1.0', '2020', '−', '130 W'
'58', 'Radeon Pro Vega 56', '用于工作站', '31.75', 'Vega', '2017', '4999 USD', '210 W'
'59', 'Radeon Pro 5700', '用于工作站', '30.44', 'RDNA 1.0', '2020', '356 USD', '130 W'
'60', 'Radeon Pro Vega 48', '用于工作站', '29.04', 'GCN 5.0', '2019', '671 USD', '−'
'61', 'Fiji', '桌面', '28.19', 'GCN 3.0', '−', '22 USD', '−'
'62', 'Radeon Pro SSG', '用于工作站', '26.98', 'GCN 3.0', '2016', '321 USD', '260 W'
'63', 'Radeon R9 FURY X', '桌面', '25.86', 'GCN 3.0', '2015', '350 USD', '275 W'
'64', 'Radeon R9 Fury', '桌面', '24.72', 'GCN 1.2', '2015', '44 USD', '275 W'
'65', 'Radeon RX 590', '桌面', '24.44', 'Polaris', '2018', '133 USD', '175 W'
'66', 'Radeon RX 6500 XT', '桌面', '24.39', 'Navi / RDNA2', '2022', '274 USD', '107 W'
'67', 'Radeon R9 390X', '桌面', '24.28', 'GCN', '2015', '20 USD', '275 W'
'68', 'Radeon Pro 5600M', '用于移动工作站', '24.11', 'Navi / RDNA', '2020', '−', '50 W'
'69', 'Radeon RX 5500 XT', '桌面', '23.61', 'RDNA 1.0', '2019', '317 USD', '130 W'
'70', 'Radeon Pro W5500', '用于工作站', '23.47', 'RDNA 1.0', '2020', '308 USD', '125 W'
'71', 'Radeon R9 390', '桌面', '23.13', 'GCN 2.0', '2015', '20 USD', '300 W'
'72', 'Radeon RX 580', '桌面', '22.90', 'Polaris', '2017', '138 USD', '185 W'
'73', 'Radeon RX 5500', '桌面', '22.68', 'RDNA 1.0', '2019', '444 USD', '110 W'
'74', 'Radeon RX 480', '桌面', '22.28', 'Polaris', '2016', '174 USD', '150 W'
'75', 'Radeon R9 295X2', '桌面', '22.20', 'GCN 2.0', '2014', '600 USD', '500 W'
'76', 'Radeon R9 Nano', '桌面', '21.81', 'GCN 1.2', '2015', '27 USD', '175 W'
'77', 'Radeon Pro Duo', '用于工作站', '21.32', 'GCN 3.0', '2016', '4200 USD', '350 W'
'78', 'Radeon Pro 5500 XT', '用于工作站', '21.24', 'RDNA 1.0', '2020', '2499 USD', '125 W'
'79', 'Hawaii', '桌面', '21.22', 'GCN 2.0', '−', '11 USD', '−'
'80', 'Radeon RX 5600M', '用于笔记本电脑', '21.20', 'Navi / RDNA', '2020', '525 USD', '60 W'
'81', 'Radeon RX 470', '桌面', '20.81', 'Polaris', '2016', '14 USD', '120 W'
'82', 'Radeon R9 290', '桌面', '20.80', 'GCN 2.0', '2013', '20 USD', '275 W'
'83', 'Radeon RX 6500M', '用于笔记本电脑', '20.55', 'RDNA 2', '2022', '−', '50 W'
'84', 'Radeon Pro W6400', '用于工作站', '20.54', 'RDNA 2.0', '2022', '206 USD', '50 W'
'85', 'Radeon RX 580 （移动）', '用于笔记本电脑', '20.51', 'Polaris', '2017', '410 USD', '100 W'
'86', 'FirePro W9100', '用于工作站', '20.37', 'GCN 2.0', '2014', '1566 USD', '275 W'
'87', 'Radeon Pro WX 7100', '用于工作站', '20.37', 'Polaris', '2017', '582 USD', '130 W'
'88', 'Radeon RX 580X', '桌面', '20.04', 'GCN 4.0', '2018', '191 USD', '185 W'
'89', 'Radeon Pro 580', '用于工作站', '19.93', 'GCN 4.0', '2017', '5999 USD', '150 W'
'90', 'Radeon RX 580 2048SP', '桌面', '19.89', 'GCN 4.0', '2018', '110 USD', '150 W'
'91', 'Radeon RX 5300', '桌面', '19.66', 'RDNA 1.0', '2020', '558 USD', '100 W'
'92', 'Ellesmere', '桌面', '19.49', 'GCN 4.0', '−', '16 USD', '−'
'93', 'Radeon Pro 580X', '用于工作站', '19.38', 'GCN 4.0', '2019', '5999 USD', '150 W'
'94', 'Radeon RX 470 （移动）', '用于笔记本电脑', '19.28', 'Polaris', '2016', '148 USD', '120 W'
'95', 'Radeon R9 M290X Crossfire', '用于笔记本电脑', '19.16', 'GCN', '2014', '−', '200 W'
'96', 'Radeon RX 6400', '桌面', '19.13', 'RDNA 2.0', '2022', '376 USD', '53 W'
'97', 'Radeon R9 290X', '桌面', '19.08', 'GCN', '2013', '20 USD', '350 W'
'98', 'Radeon RX 6500', '用于笔记本电脑', '18.93', '−', '−', '−', '_'
'99', 'Radeon HD 8970M Crossfire', '用于笔记本电脑', '18.83', 'GCN', '2012', '170 USD', '200 W'
'100', 'FirePro W8100', '用于工作站', '18.71', 'GCN 2.0', '2014', '590 USD', '220 W'
'101', 'Radeon Pro 5300', '用于工作站', '18.58', 'RDNA 1.0', '2020', '1300 USD', '85 W'
'102', 'Radeon 780M', '用于笔记本电脑', '18.54', 'RDNA 3', '2023', '−', '54 W'
'103', 'Radeon RX 570', '桌面', '17.91', 'Polaris', '2017', '114 USD', '120 W'
'104', 'Radeon Pro W5500X', '用于工作站', '17.90', 'RDNA 1.0', '2019', '224 USD', '125 W'
'105', 'Radeon Pro 5500M', '用于移动工作站', '17.52', 'Navi / RDNA', '2019', '1950 USD', '50 W'
'106', 'Radeon R9 285', '桌面', '17.17', 'GCN 3.0', '2014', '85 USD', '190 W'
'107', 'Radeon RX Vega M GH', '用于笔记本电脑', '16.90', 'Vega', '2018', '1031 USD', '100 W'
'108', 'Radeon Pro 570', '用于工作站', '16.28', 'GCN 4.0', '2017', '356 USD', '120 W'
'109', 'Radeon R9 380X', '桌面', '16.04', 'GCN 3.0', '2015', '12 USD', '250 W'
'110', 'Radeon R9 380', '桌面', '15.99', 'GCN', '2015', '13 USD', '220 W'
'111', 'Radeon HD 7970M Crossfire', '用于笔记本电脑', '15.82', 'GCN', '2012', '126 USD', '200 W'
'112', 'FirePro W9000', '用于工作站', '15.78', 'GCN 1.0', '2012', '877 USD', '274 W'
'113', 'Radeon Pro 5300M', '用于移动工作站', '15.39', 'Navi / RDNA', '2019', '2068 USD', '65 W'
'114', 'Radeon 680M', '用于笔记本电脑', '15.38', 'RDNA 2', '2022', '−', '45 W'
'115', 'Radeon R9 280X', '桌面', '15.00', 'GCN', '2013', '12 USD', '200 W'
'116', 'FirePro W7100', '用于工作站', '14.89', 'GCN 3.0', '2014', '466 USD', '150 W'
'117', 'Radeon Pro WX 5100', '用于工作站', '14.51', 'GCN 4.0', '2016', '854 USD', '75 W'
'118', 'Radeon R9 280', '桌面', '14.37', 'GCN 1.0', '2014', '91 USD', '200 W'
'119', 'Radeon HD 7990', '桌面', '14.30', 'GCN 1.0', '2013', '486 USD', '375 W'
'120', 'Tonga', '桌面', '14.28', 'GCN 3.0', '−', '23 USD', '−'
'121', 'Radeon RX Vega M GL / 870', '用于笔记本电脑', '14.14', 'Vega', '2018', '−', '65 W'
'122', 'Radeon E8950', '桌面', '14.10', 'GCN 3.0', '2015', '−', '95 W'
'123', 'Radeon RX 5500M', '用于笔记本电脑', '13.81', 'Navi / RDNA', '2019', '998 USD', '85 W'
'124', 'FirePro D700', '用于工作站', '13.79', 'GCN 1.0', '2014', '413 USD', '274 W'
'125', 'Radeon Pro Vega 20', '用于移动工作站', '13.62', 'Vega', '2018', '360 USD', '100 W'
'126', 'Radeon 760M', '用于笔记本电脑', '13.52', 'RDNA 3', '2023', '−', '54 W'
'127', 'Radeon HD 7970', '桌面', '13.49', 'GCN', '2011', '89 USD', '250 W'
'128', 'Radeon R9 M295X Mac Edition', '桌面', '13.35', 'GCN 3.0', '2014', '−', '250 W'
'129', 'Radeon R9 M295X', '用于笔记本电脑', '13.24', 'GCN 3', '2014', '−', '125 W'
'130', 'FirePro S9000', '用于工作站', '13.00', 'GCN 1.0', '2012', '433 USD', '225 W'
'131', 'Radeon R9 M395X', '用于笔记本电脑', '12.95', 'GCN 3', '2014', '−', '125 W'
'132', 'Radeon R9 M395', '用于笔记本电脑', '12.91', 'GCN', '2015', '1288 USD', '−'
'133', 'Radeon R9 270X', '桌面', '12.62', 'GCN', '2013', '136 USD', '180 W'
'134', 'FirePro S9050', '用于工作站', '12.60', 'GCN 1.0', '2014', '782 USD', '225 W'
'135', 'FirePro S10000', '用于工作站', '12.25', 'GCN 1.0', '2012', '22 USD', '375 W'
'136', 'Radeon HD 7950', '桌面', '12.24', 'GCN 1.0', '2012', '431 USD', '200 W'
'137', 'Radeon Sky 500', '桌面', '12.24', 'GCN 1.0', '2013', '129 USD', '150 W'
'138', 'Radeon R9 370', '桌面', '12.14', 'GCN 1.0', '2015', '325 USD', '110 W'
'139', 'Radeon Pro Vega 16', '用于移动工作站', '12.03', 'Vega', '2018', '511 USD', '75 W'
'140', 'Radeon Pro WX Vega M GL', '用于移动工作站', '11.93', 'Vega', '2018', '1359 USD', '65 W'
'141', 'Radeon HD 7870', '桌面', '11.92', 'GCN', '2012', '200 USD', '200 W'
'142', 'FirePro S7000', '用于工作站', '11.63', 'GCN 1.0', '2012', '300 USD', '150 W'
'143', 'Radeon R7 370', '桌面', '11.61', 'GCN 1.0', '2015', '378 USD', '100 W'
'144', 'Radeon RX 560X （移动）', '用于笔记本电脑', '11.59', 'Polaris', '2017', '520 USD', '60 W'
'145', 'Radeon HD 7870 XT', '桌面', '11.49', 'GCN 1.0', '2012', '133 USD', '185 W'
'146', 'Radeon RX 560 （移动）', '用于笔记本电脑', '11.15', 'Polaris', '2017', '468 USD', '75 W'
'147', 'Radeon RX 5300M', '用于笔记本电脑', '11.07', 'Navi / RDNA', '2019', '525 USD', '65 W'
'148', 'Radeon R9 270', '桌面', '11.07', 'GCN 1.0', '2013', '229 USD', '150 W'
'149', 'FirePro W7000', '用于工作站', '10.95', 'GCN 1.0', '2012', '195 USD', '150 W'
'150', 'Radeon RX 460', '桌面', '10.57', 'Polaris', '2016', '397 USD', '75 W'
'151', 'FirePro W8000', '用于工作站', '10.53', 'GCN 1.0', '2012', '215 USD', '225 W'
'152', 'Radeon R7 265', '桌面', '10.28', 'GCN 1.0', '2014', '242 USD', '150 W'
'153', 'FirePro D500', '用于工作站', '10.19', 'GCN 1.0', '2014', '475 USD', '274 W'
'154', 'Radeon HD 8970M', '用于笔记本电脑', '9.96', 'GCN', '2013', '135 USD', '100 W'
'155', 'Radeon HD 7850', '桌面', '9.91', 'GCN 1.0', '2012', '267 USD', '130 W'
'156', 'Radeon HD 6990M Crossfire', '用于笔记本电脑', '9.89', 'Terascale 2', '2011', '170 USD', '−'
'157', 'Radeon HD 7970M', '用于笔记本电脑', '9.89', 'GCN', '2012', '338 USD', '100 W'
'158', 'Radeon 660M', '用于笔记本电脑', '9.74', 'RDNA 2', '2022', '−', '45 W'
'159', 'Radeon RX 460 （移动）', '用于笔记本电脑', '9.70', 'Polaris', '2016', '95 USD', '75 W'
'160', 'Radeon Pro WX 4100', '用于工作站', '9.67', 'GCN 4.0', '2016', '711 USD', '50 W'
'161', 'Radeon R9 M390', '用于笔记本电脑', '9.64', 'GCN', '2015', '−', '−'
'162', 'FirePro D300', '用于工作站', '9.64', 'GCN 1.0', '2014', '260 USD', '150 W'
'163', 'Radeon Pro 560X', '用于移动工作站', '9.45', 'Polaris', '2017', '133 USD', '35 W'
'164', 'Radeon R9 M485X', '用于笔记本电脑', '9.41', 'GCN 3', '2016', '2500 USD', '125 W'
'165', 'Radeon RX 560', '桌面', '9.36', 'GCN 4.0', '2017', '381 USD', '75 W'
'166', 'Radeon RX Vega M GL', '用于笔记本电脑', '9.33', 'GCN 4.0', '2018', '1307 USD', '65 W'
'167', 'Radeon HD 6970M Crossfire', '用于笔记本电脑', '8.97', 'Terascale 2', '2011', '170 USD', '−'
'168', 'Radeon Pro 560', '用于移动工作站', '8.93', 'Polaris', '2017', '127 USD', '35 W'
'169', 'Radeon RX 480 （移动）', '用于笔记本电脑', '8.91', 'Polaris', '2016', '577 USD', '100 W'
'170', 'Radeon Pro 460', '用于移动工作站', '8.87', 'Polaris', '2016', '100 USD', '35 W'
'171', 'Radeon R9 M470X', '用于笔记本电脑', '8.74', 'GCN 2', '2016', '−', '−'
'172', 'Radeon 740M', '用于笔记本电脑', '8.68', 'RDNA 3', '2023', '−', '30 W'
'173', 'Radeon R9 M390X', '用于笔记本电脑', '8.60', 'GCN 3', '2015', '−', '125 W'
'174', 'Radeon RX Vega 8 (Ryzen 4000/5000)', '用于笔记本电脑', '8.60', 'Vega', '2020', '−', '15 W'
'175', 'Radeon Pro 555X', '用于移动工作站', '8.31', 'Polaris', '2017', '894 USD', '−'
'176', 'Radeon R9 M290X', '用于笔记本电脑', '8.31', 'GCN', '2014', '613 USD', '100 W'
'177', 'Radeon RX 560X', '桌面', '8.21', 'GCN 4.0', '2018', '999 USD', '75 W'
'178', 'Bonaire', '桌面', '8.14', 'GCN 2.0', '−', '41 USD', '−'
'179', 'Radeon R7 260X', '桌面', '8.13', 'GCN 2.0', '2013', '204 USD', '115 W'
'180', 'FirePro W7170M', '用于移动工作站', '8.12', 'GCN 3', '2015', '600 USD', '100 W'
'181', 'Baffin', '桌面', '8.07', 'GCN 4.0', '−', '127 USD', '−'
'182', 'Radeon Pro 555', '用于移动工作站', '8.07', 'Polaris', '2017', '894 USD', '−'
'183', 'Radeon Pro 455', '用于移动工作站', '8.00', 'Polaris', '2016', '696 USD', '−'
'184', 'Radeon HD 7790', '桌面', '7.94', 'GCN 2.0', '2013', '219 USD', '85 W'
'185', 'Radeon R7 360', '桌面', '7.88', 'GCN 2.0', '2015', '14 USD', '80 W'
'186', 'FirePro W5100', '用于工作站', '7.75', 'GCN 2.0', '2014', '220 USD', '50 W'
'187', 'Radeon HD 6990', '桌面', '7.74', 'TeraScale 3', '2011', '144 USD', '375 W'
'188', 'Cypress', '桌面', '7.66', 'TeraScale 2', '−', '12 USD', '−'
'189', 'Tahiti', '桌面', '7.63', 'GCN 1.0', '−', '20 USD', '−'
'190', 'FirePro W5000', '用于工作站', '7.62', 'GCN 1.0', '2012', '141 USD', '75 W'
'191', 'FirePro W4300', '用于工作站', '7.44', 'GCN 2.0', '2015', '129 USD', '50 W'
'192', 'Radeon R7 260', '桌面', '7.43', 'GCN 2.0', '2013', '205 USD', '95 W'
'193', 'Radeon Pro V340 MxGPU', '用于工作站', '7.33', 'GCN 5.0', '2018', '−', '300 W'
'194', 'Radeon HD 6970', '桌面', '7.28', 'Terascale 2', '2010', '189 USD', '250 W'
'195', 'Radeon RX 540', '用于笔记本电脑', '7.17', 'Polaris', '2017', '166 USD', '75 W'
'196', 'Radeon RX Vega 7', '用于笔记本电脑', '7.16', 'Vega', '2020', '387 USD', '15 W'
'197', 'Radeon R9 M380', '用于笔记本电脑', '7.12', 'GCN', '2015', '−', '−'
'198', 'Radeon HD 6930', '桌面', '7.12', 'TeraScale 3', '2011', '12 USD', '186 W'
'199', 'FirePro S7150', '用于工作站', '7.01', 'GCN 3.0', '2016', '7738 USD', '150 W'
'200', 'Radeon Pro 450', '用于移动工作站', '7.00', 'Polaris', '2016', '183 USD', '75 W'
'201', 'Radeon RX 550', '桌面', '6.93', 'GCN 4.0', '2017', '121 USD', '50 W'
'202', 'FirePro R5000', '用于工作站', '6.80', 'GCN 1.0', '2013', '500 USD', '150 W'
'203', 'Radeon HD 6950', '桌面', '6.76', 'TeraScale 3', '2010', '320 USD', '200 W'
'204', 'Radeon RX 550 （移动）', '用于笔记本电脑', '6.74', 'Polaris', '2017', '294 USD', '50 W'
'205', 'Radeon HD 6850 X2', '桌面', '6.51', 'TeraScale 2', '2011', '−', '254 W'
'206', 'FireStream 9370', '桌面', '6.50', 'TeraScale 2', '2010', '−', '225 W'
'207', 'Radeon PRO WX 3100', '用于移动工作站', '6.41', 'Polaris', '2017', '242 USD', '65 W'
'208', 'Radeon Pro WX 4150', '用于移动工作站', '6.27', 'Polaris', '2017', '2000 USD', '50 W'
'209', 'Radeon Pro WX 3200', '用于工作站', '6.19', 'Polaris', '2019', '740 USD', '65 W'
'210', 'Radeon RX 550X （移动）', '用于笔记本电脑', '6.13', 'Polaris', '2019', '299 USD', '50 W'
'211', 'FirePro W6150M', '用于工作站', '6.06', 'GCN 2.0', '2015', '299 USD', '−'
'212', 'Radeon R9 M470', '用于笔记本电脑', '5.99', 'GCN 2', '2016', '−', '−'
'213', 'Radeon RX Vega 6 (Ryzen 4000/5000)', '用于笔记本电脑', '5.96', 'Vega', '2020', '−', '15 W'
'214', 'Radeon HD 5970', '桌面', '5.93', 'TeraScale 2', '2009', '69 USD', '294 W'
'215', 'FirePro V7900', '用于工作站', '5.92', 'TeraScale 3', '2011', '165 USD', '150 W'
'216', 'Radeon HD 6970M', '用于笔记本电脑', '5.83', 'Terascale 2', '2011', '257 USD', '75 W'
'217', 'Radeon R7 250X', '桌面', '5.83', 'GCN 1.0', '2014', '207 USD', '80 W'
'218', 'Radeon RX 550X', '桌面', '5.76', 'GCN 4.0', '2018', '259 USD', '50 W'
'219', 'Radeon HD 6870', '桌面', '5.70', 'Terascale 2', '2010', '332 USD', '151 W'
'220', 'Radeon HD 5870', '桌面', '5.70', 'TeraScale 2', '2009', '125 USD', '188 W'
'221', 'FirePro M6100', '用于移动工作站', '5.64', 'GCN', '2013', '120 USD', '−'
'222', 'FirePro W5170M', '用于移动工作站', '5.63', 'GCN', '2015', '1530 USD', '−'
'223', 'Radeon HD 7770', '桌面', '5.58', 'GCN', '2012', '300 USD', '80 W'
'224', 'Radeon RX Vega 9', '用于笔记本电脑', '5.55', 'Vega', '2017', '302 USD', '15 W'
'225', 'Radeon R7 350', '桌面', '5.48', 'GCN 1.0', '2016', '142 USD', '55 W'
'226', 'Radeon RX Vega 11', '桌面', '5.46', 'Vega', '2017', '475 USD', '65 W'
'227', 'FirePro M5100', '用于移动工作站', '5.40', 'GCN', '2013', '105 USD', '−'
'228', 'Juniper', '桌面', '5.39', 'TeraScale 2', '−', '23 USD', '−'
'229', 'Radeon Pro W5500M', '用于工作站', '5.17', 'RDNA 1.0', '2020', '2381 USD', '85 W'
'230', 'Radeon HD 6990M', '用于笔记本电脑', '5.16', 'Terascale 2', '2011', '190 USD', '100 W'
'231', 'Radeon R9 M385X', '用于笔记本电脑', '5.12', 'GCN', '2015', '999 USD', '−'
'232', 'Radeon HD 5850', '桌面', '5.11', 'Terascale 2', '2009', '120 USD', '151 W'
'233', 'Radeon HD 6850', '桌面', '5.07', 'TeraScale 2', '2010', '177 USD', '127 W'
'234', 'Radeon Pro WX 4130', '用于移动工作站', '4.96', 'Polaris', '2017', '2000 USD', '50 W'
'235', 'Radeon RX 570X', '桌面', '4.94', 'GCN 4.0', '2018', '186 USD', '120 W'
'236', 'Radeon RX 640', '用于笔记本电脑', '4.84', 'Polaris', '2019', '193 USD', '50 W'
'237', 'Mobility Radeon HD 5870 Crossfire', '用于笔记本电脑', '4.83', 'Terascale 2', '2010', '56 USD', '120 W'
'238', 'Radeon R9 M385', '用于笔记本电脑', '4.76', 'GCN', '2015', '999 USD', '−'
'239', 'Radeon R9 M360', '桌面', '4.69', 'GCN 1.0', '2015', '1140 USD', '−'
'240', 'FirePro M6000', '用于移动工作站', '4.68', 'GCN', '2012', '162 USD', '43 W'
'241', 'Radeon PRO WX 2100', '用于移动工作站', '4.67', 'Polaris', '2018', '343 USD', '50 W'
'242', 'Radeon RX Vega 5', '用于笔记本电脑', '4.61', 'Vega', '2020', '287 USD', '15 W'
'243', 'Radeon R9 M375X', '桌面', '4.55', 'GCN 1.0', '2015', '448 USD', '−'
'244', 'Radeon RX Vega 8 (Ryzen 2000/3000)', '用于笔记本电脑', '4.46', 'Vega', '2017', '−', '15 W'
'245', 'Radeon HD 5830', '桌面', '4.45', 'TeraScale 2', '2010', '12 USD', '175 W'
'246', 'Radeon 550', '桌面', '4.43', 'GCN 4.0', '2017', '94 USD', '50 W'
'247', 'Radeon HD 5770', '桌面', '4.38', 'Terascale 2', '2009', '103 USD', '108 W'
'248', 'Radeon HD 7750', '桌面', '4.37', 'GCN 1.0', '2012', '108 USD', '55 W'
'249', 'Radeon Graphics (Ryzen 7000)', '用于笔记本电脑', '4.36', 'RDNA 2', '2022', '−', '−'
'250', 'Radeon E8860', '桌面', '4.33', 'GCN 1.0', '2014', '−', '37 W'
'251', 'Radeon R7 M380', '用于笔记本电脑', '4.29', 'GCN', '2015', '−', '−'
'252', 'Radeon R7 250E', '桌面', '4.27', 'GCN 1.0', '2013', '599 USD', '55 W'
'253', 'FirePro W600', '用于工作站', '4.27', 'GCN 1.0', '2012', '358 USD', '75 W'
'254', 'Radeon RX Vega 10', '用于笔记本电脑', '4.23', 'Vega', '2017', '449 USD', '15 W'
'255', 'Radeon HD 8870M', '用于笔记本电脑', '4.21', 'GCN', '2012', '338 USD', '−'
'256', 'Radeon R7 M465X', '桌面', '4.17', 'GCN 1.0', '2016', '−', '−'
'257', 'FirePro M4000', '用于移动工作站', '4.14', 'GCN', '2012', '433 USD', '33 W'
'258', 'Radeon HD 6790', '桌面', '4.11', 'Terascale 2', '2011', '184 USD', '150 W'
'259', 'Oland', '桌面', '4.05', 'GCN 1.0', '−', '166 USD', '−'
'260', 'FirePro W4100', '用于工作站', '3.98', 'GCN', '2015', '916 USD', '50 W'
'261', 'Radeon R9 M275X', '桌面', '3.95', 'GCN 1.0', '2014', '10 USD', '−'
'262', 'Radeon HD 4890', '桌面', '3.89', 'TeraScale', '2009', '12 USD', '190 W'
'263', 'Radeon R9 M370X', '用于笔记本电脑', '3.88', 'GCN 1.0', '2015', '−', '−'
'264', 'Radeon HD 7870M', '用于笔记本电脑', '3.87', 'GCN', '2012', '338 USD', '45 W'
'265', 'Radeon 550X', '桌面', '3.81', 'GCN 4.0', '2019', '468 USD', '50 W'
'266', 'Radeon R9 M365X', '用于笔记本电脑', '3.81', 'GCN', '2015', '−', '−'
'267', 'Radeon 540X', '用于笔记本电脑', '3.68', 'GCN 4.0', '2019', '421 USD', '50 W'
'268', 'Radeon R7 M370', '用于笔记本电脑', '3.64', 'GCN', '2015', '875 USD', '−'
'269', 'FirePro V5800', '用于工作站', '3.64', 'TeraScale 2', '2010', '354 USD', '74 W'
'270', 'Radeon HD 4870', '桌面', '3.59', 'TeraScale', '2008', '162 USD', '150 W'
'271', 'FirePro W5130M', '用于移动工作站', '3.59', 'GCN', '2015', '1041 USD', '−'
'272', 'Radeon HD 7850M', '用于笔记本电脑', '3.53', 'GCN', '2012', '338 USD', '32 W'
'273', 'Radeon HD 6950M', '用于笔记本电脑', '3.52', 'Terascale 2', '2011', '338 USD', '50 W'
'274', 'Radeon HD 7770M', '用于笔记本电脑', '3.49', 'GCN', '2012', '338 USD', '32 W'
'275', 'Radeon 540', '桌面', '3.47', 'GCN 4.0', '2019', '1233 USD', '50 W'
'276', 'FireStream 9270', '桌面', '3.45', 'TeraScale', '2008', '−', '160 W'
'277', 'FirePro M5950', '用于移动工作站', '3.38', 'Terascale 2', '2011', '386 USD', '35 W'
'278', 'Radeon HD 4870 X2', '桌面', '3.36', 'TeraScale', '2008', '202 USD', '286 W'
'279', 'Radeon HD 8790M', '用于笔记本电脑', '3.35', 'GCN', '2012', '460 USD', '−'
'280', 'Radeon R7 M275DX', '用于笔记本电脑', '3.35', 'GCN', '2014', '−', '−'
'281', 'Cayman', '桌面', '3.31', 'TeraScale 3', '−', '15 USD', '−'
'282', 'FirePro V5900', '用于工作站', '3.26', 'TeraScale 3', '2011', '89 USD', '75 W'
'283', 'Radeon 630', '用于笔记本电脑', '3.20', 'GCN 1.0', '2019', '65 USD', '50 W'
'284', 'Radeon HD 6770', '桌面', '3.19', 'TeraScale 2', '2011', '150 USD', '108 W'
'285', 'Mobility Radeon HD 4870 X2', '用于笔记本电脑', '3.13', 'Terascale 1', '2009', '305 USD', '−'
'286', 'Radeon HD 7730', '桌面', '3.10', 'GCN 1.0', '2013', '207 USD', '47 W'
'287', 'Radeon R7 512 Cores (Kaveri Desktop)', '桌面', '3.10', 'GCN', '2014', '−', '−'
'288', 'Radeon R9 M270X', '桌面', '3.09', 'GCN 1.0', '2014', '−', '−'
'289', 'Radeon HD 7750M', '用于笔记本电脑', '3.06', 'GCN', '2012', '338 USD', '36 W'
'290', 'Hainan', '桌面', '3.04', 'Sea Islands', '−', '23 USD', '−'
'291', 'Radeon RX Vega 6 (Ryzen 2000/3000)', '用于笔记本电脑', '3.01', 'Vega', '2018', '−', '15 W'
'292', 'FirePro W4190M', '用于移动工作站', '3.01', 'GCN', '2015', '4205 USD', '−'
'293', 'FireStream 9250', '桌面', '2.99', 'TeraScale', '2008', '−', '150 W'
'294', 'Radeon HD 5750', '桌面', '2.98', 'TeraScale 2', '2009', '189 USD', '86 W'
'295', 'Radeon R7 M465', '用于笔记本电脑', '2.96', 'GCN', '2017', '−', '−'
'296', 'Radeon RX Vega 3', '用于笔记本电脑', '2.95', 'Vega', '2018', '371 USD', '15 W'
'297', 'Mobility Radeon HD 5870', '用于笔记本电脑', '2.93', 'Terascale 2', '2010', '108 USD', '50 W'
'298', 'Radeon HD 4850 X2', '桌面', '2.91', 'TeraScale', '2008', '−', '250 W'
'299', 'Radeon HD 8770M', '用于笔记本电脑', '2.90', 'GCN', '2012', '338 USD', '−'
'300', 'FirePro M4170', '用于工作站', '2.88', 'GCN 1.0', '2015', '474 USD', '−'
'301', 'Radeon R7 M460', '用于笔记本电脑', '2.87', 'GCN', '2016', '900 USD', '−'
'302', 'Radeon 625', '用于笔记本电脑', '2.87', 'GCN 1.0', '2019', '68 USD', '50 W'
'303', 'Radeon R9 M275', '用于笔记本电脑', '2.86', 'GCN', '2014', '912 USD', '−'
'304', 'Radeon 610M', '用于笔记本电脑', '2.86', 'RDNA 2', '2022', '−', '15 W'
'305', 'Radeon R9 M265X', '用于笔记本电脑', '2.86', 'GCN', '2014', '−', '−'
'306', 'Radeon R6 M340DX', '用于笔记本电脑', '2.83', 'GCN', '2015', '−', '−'
'307', 'Radeon R7 M350', '桌面', '2.82', 'GCN 3.0', '2015', '−', '35 W'
'308', 'Radeon R7 250', '桌面', '2.79', 'GCN', '2013', '256 USD', '65 W'
'309', 'FirePro M4100', '用于移动工作站', '2.72', 'GCN', '2013', '−', '−'
'310', 'Radeon R7 384 Cores (Kaveri Desktop)', '桌面', '2.71', 'GCN', '2014', '−', '−'
'311', 'Radeon HD 7670A', '桌面', '2.70', 'TeraScale 2', '2012', '−', '45 W'
'312', 'FirePro W4170M', '用于移动工作站', '2.66', 'GCN', '2012', '495 USD', '−'
'313', 'Radeon R5 430 OEM', '桌面', '2.65', 'GCN 1.0', '2016', '−', '50 W'
'314', 'Radeon HD 6750', '桌面', '2.65', 'TeraScale 2', '2011', '161 USD', '86 W'
'315', 'Radeon HD 4850', '桌面', '2.64', 'Terascale 1', '2008', '138 USD', '110 W'
'316', 'Radeon R9 A375', '桌面', '2.63', 'GCN 1.0', '2015', '−', '−'
'317', 'Radeon HD 8550G + HD 8750M Dual Graphics', '用于笔记本电脑', '2.59', '2013', '105 USD', '−', '_'
'318', 'Radeon R7 M260X', '用于笔记本电脑', '2.59', 'GCN', '2014', '−', '−'
'319', 'Radeon HD 7690M XT', '用于笔记本电脑', '2.59', 'Terascale 2', '2011', '180 USD', '25 W'
'320', 'Radeon 530', '用于笔记本电脑', '2.58', 'GCN', '2017', '627 USD', '50 W'
'321', 'Radeon HD 7690M', '用于笔记本电脑', '2.58', 'Terascale 2', '2011', '338 USD', '20 W'
'322', 'Radeon R7 A265', '桌面', '2.55', 'GCN 1.0', '2014', '324 USD', '−'
'323', 'Radeon HD 8690M', '用于笔记本电脑', '2.53', 'GCN', '2012', '596 USD', '−'
'324', 'FirePro V4900', '用于工作站', '2.51', 'TeraScale 2', '2011', '155 USD', '75 W'
'325', 'Radeon HD 8850M', '用于笔记本电脑', '2.50', 'GCN', '2012', '338 USD', '−'
'326', 'Radeon HD 6770M', '用于笔记本电脑', '2.48', 'Terascale 2', '2011', '243 USD', '35 W'
'327', 'Radeon R7 M270DX', '桌面', '2.47', 'GCN 3.0', '2014', '−', '−'
'328', 'Radeon HD 8750M', '用于笔记本电脑', '2.46', 'GCN', '2012', '338 USD', '−'
'329', 'Radeon HD 8650G + HD 8670M Dual Graphics', '用于笔记本电脑', '2.46', '2013', '90 USD', '−', '_'
'330', 'Radeon R7 M445', '用于笔记本电脑', '2.42', 'GCN', '2016', '809 USD', '15 W'
'331', 'Radeon R9 M375', '用于笔记本电脑', '2.42', 'GCN', '2015', '1699 USD', '−'
'332', 'Radeon HD 6750M', '用于笔记本电脑', '2.41', 'Terascale 2', '2011', '506 USD', '35 W'
'333', 'FirePro M4150', '用于工作站', '2.39', 'GCN 1.0', '2013', '170 USD', '−'
'334', 'Radeon R5 (Bristol Ridge)', '用于笔记本电脑', '2.38', 'GCN 1.2/2.0', '2016', '53 USD', '12 W'
'335', 'FirePro W2100', '用于工作站', '2.32', 'GCN', '2015', '123 USD', '26 W'
'336', 'Radeon 620', '用于笔记本电脑', '2.31', 'GCN 1.0', '2019', '67 USD', '50 W'
'337', 'Radeon R7 M440', '用于笔记本电脑', '2.30', 'GCN 1.0', '2016', '737 USD', '−'
'338', 'Radeon HD 4770', '桌面', '2.28', 'TeraScale', '2009', '182 USD', '80 W'
'339', 'Radeon R7 240', '桌面', '2.28', 'GCN 1.0', '2013', '109 USD', '30 W'
'340', 'Radeon E6760', '桌面', '2.25', 'TeraScale 2', '2011', '90 USD', '45 W'
'341', 'Mobility Radeon HD 3870 X2', '用于笔记本电脑', '2.16', 'RV6xx', '2008', '−', '110 W'
'342', 'Radeon HD 4830', '桌面', '2.15', 'TeraScale', '2008', '31 USD', '95 W'
'343', 'Radeon HD 6650A', '桌面', '2.15', 'TeraScale 2', '2011', '−', '45 W'
'344', 'Radeon HD 3850 X2', '桌面', '2.11', 'TeraScale', '2008', '−', '140 W'
'345', 'Radeon R7 M260DX', '桌面', '2.10', 'GCN 1.0', '2014', '−', '−'
'346', 'Radeon R9 M280X', '用于笔记本电脑', '2.09', 'GCN', '2015', '−', '−'
'347', 'Radeon R5 M435', '桌面', '2.06', 'GCN 1.0', '2016', '120 USD', '−'
'348', 'Radeon R8 M445DX', '用于笔记本电脑', '2.04', 'GCN', '2016', '550 USD', '−'
'349', 'Mobility Radeon HD 4870', '用于笔记本电脑', '2.04', 'Terascale 1', '2009', '305 USD', '−'
'350', 'FirePro M7740', '用于移动工作站', '2.04', 'Terascale 1', '2009', '255 USD', '60 W'
'351', 'Radeon HD 5670', '桌面', '2.04', 'Terascale 2', '2010', '132 USD', '64 W'
'352', 'Radeon 520', '用于笔记本电脑', '2.02', 'GCN 1.0', '2017', '140 USD', '50 W'
'353', 'Radeon R7 (Carrizo)', '用于笔记本电脑', '2.00', 'GCN 1.2/2.0', '2015', '999 USD', '12 W'
'354', 'Radeon HD 7660G + HD 7670M Dual Graphics', '用于笔记本电脑', '1.98', 'Terascale 2', '2012', '90 USD', '−'
'355', 'Radeon HD 4810', '桌面', '1.98', 'TeraScale', '2009', '−', '95 W'
'356', 'Radeon R7 M365X', '桌面', '1.97', 'GCN 1.0', '2015', '−', '−'
'357', 'Radeon R7 M270', '用于笔记本电脑', '1.97', 'GCN', '2014', '−', '−'
'358', 'Radeon R7 (Bristol Ridge)', '用于笔记本电脑', '1.94', 'GCN 1.2', '2016', '80 USD', '12 W'
'359', 'Radeon HD 6650M', '用于笔记本电脑', '1.94', 'Terascale 2', '2011', '53 USD', '−'
'360', 'Radeon HD 7730M', '用于笔记本电脑', '1.93', 'GCN', '2012', '338 USD', '32 W'
'361', 'Radeon HD 6850M', '用于笔记本电脑', '1.92', 'Terascale 2', '2011', '338 USD', '50 W'
'362', 'Radeon HD 8550G + HD 8670M Dual Graphics', '用于笔记本电脑', '1.92', '2013', '90 USD', '−', '_'
'363', 'Mobility Radeon HD 5850', '用于笔记本电脑', '1.89', 'Terascale 2', '2010', '153 USD', '39 W'
'364', 'Radeon HD 8650G + HD 8570M Dual Graphics', '用于笔记本电脑', '1.89', '2013', '90 USD', '−', '_'
'365', 'Radeon HD 6670', '桌面', '1.88', 'TeraScale 2', '2011', '134 USD', '66 W'
'366', 'Radeon HD 8730M', '用于笔记本电脑', '1.86', 'GCN', '2012', '338 USD', '−'
'367', 'Radeon HD 8650M', '用于笔记本电脑', '1.84', 'GCN', '2013', '338 USD', '−'
'368', 'Radeon HD 6620G + HD 7670M Dual Graphics', '用于笔记本电脑', '1.83', 'Terascale 2', '2012', '90 USD', '−'
'369', 'Radeon HD 3870 X2', '桌面', '1.82', 'TeraScale', '2008', '254 USD', '165 W'
'370', 'Radeon HD 6550A', '桌面', '1.82', 'TeraScale 2', '2011', '−', '35 W'
'371', 'Radeon R6 (Kaveri)', '用于笔记本电脑', '1.78', 'GCN 1.1', '2014', '−', '−'
'372', 'Radeon R5 (Carrizo)', '用于笔记本电脑', '1.76', 'GCN 1.2/2.0', '2015', '−', '12 W'
'373', 'Radeon HD 6630M', '用于笔记本电脑', '1.76', 'Terascale 2', '2011', '338 USD', '26 W'
'374', 'Radeon R8 M535DX', '桌面', '1.72', 'GCN 3.0', '2017', '299 USD', '−'
'375', 'Radeon R7 M340', '用于笔记本电脑', '1.70', 'GCN', '2015', '−', '−'
'376', 'Radeon HD 2900 XT', '桌面', '1.69', 'TeraScale', '2007', '−', '215 W'
'377', 'FirePro V3900', '用于工作站', '1.67', 'TeraScale 2', '2012', '110 USD', '50 W'
'378', 'Radeon R5 M430', '用于笔记本电脑', '1.67', 'GCN', '2016', '749 USD', '−'
'379', 'FireStream 9170', '桌面', '1.66', 'TeraScale', '2007', '360 USD', '105 W'
'380', 'Radeon HD 7610M', '用于笔记本电脑', '1.62', 'Terascale 2', '2012', '338 USD', '20 W'
'381', 'Radeon R7 (Kaveri)', '用于笔记本电脑', '1.62', 'GCN 1.1', '2014', '135 USD', '−'
'382', 'Mobility Radeon HD 4850', '用于笔记本电脑', '1.62', 'Terascale 1', '2009', '187 USD', '−'
'383', 'Radeon HD 7520G + HD 7670M Dual Graphics', '用于笔记本电脑', '1.62', 'Terascale 3', '2012', '90 USD', '−'
'384', 'Radeon R7 A360', '桌面', '1.62', 'GCN 3.0', '2015', '2500 USD', '−'
'385', 'Radeon HD 2900 PRO', '桌面', '1.61', 'TeraScale', '2007', '−', '200 W'
'386', 'Radeon HD 7570', '桌面', '1.61', 'TeraScale 2', '2012', '67 USD', '60 W'
'387', 'Radeon HD 6740G2', '用于笔记本电脑', '1.60', 'Terascale 2', '2011', '−', '−'
'388', 'Radeon HD 7640G + HD 7670M Dual Graphics', '用于笔记本电脑', '1.57', 'Terascale 3', '2012', '90 USD', '−'
'389', 'Radeon HD 8450G + Radeon HD 8570M Dual Graphics', '用于笔记本电脑', '1.56', 'Terascale 3 / GCN', '2012', '74 USD', '−'
'390', 'Radeon HD 7640G + HD 7610M Dual Graphics', '用于笔记本电脑', '1.56', 'Terascale 3', '2012', '90 USD', '−'
'391', 'Radeon HD 6720G2', '用于笔记本电脑', '1.56', 'Terascale 2', '2011', '−', '−'
'392', 'Radeon R6 M255DX', '用于笔记本电脑', '1.55', 'GCN', '2014', '−', '−'
'393', 'Radeon R8 M365DX', '用于笔记本电脑', '1.54', 'GCN', '2015', '−', '−'
'394', 'Radeon R5 M330', '用于笔记本电脑', '1.53', 'GCN 1.0', '2015', '−', '18 W'
'395', 'Radeon R5 A240', '桌面', '1.48', 'GCN 1.0', '2014', '−', '50 W'
'396', 'Radeon HD 7650A', '桌面', '1.47', 'TeraScale 2', '2012', '46 USD', '33 W'
'397', 'Radeon HD 8550M', '用于笔记本电脑', '1.46', 'GCN', '2012', '338 USD', '−'
'398', 'Radeon HD 6610M', '桌面', '1.45', 'TeraScale 2', '2011', '338 USD', '26 W'
'399', 'Radeon R6 (Carrizo)', '用于笔记本电脑', '1.45', 'GCN 1.2/2.0', '2015', '−', '12 W'
'400', 'Radeon R7 M360', '用于笔记本电脑', '1.45', 'GCN 2.0', '2015', '879 USD', '−'
'401', 'Radeon HD 3870', '桌面', '1.44', 'TeraScale', '2007', '195 USD', '106 W'
'402', 'Radeon HD 6570', '桌面', '1.43', 'TeraScale 2', '2011', '66 USD', '60 W'
'403', 'Radeon HD 6755G2', '用于笔记本电脑', '1.42', 'Terascale 2', '2011', '−', '−'
'404', 'Radeon HD 8650G', '用于笔记本电脑', '1.41', 'Terascale 3', '2013', '300 USD', '35 W'
'405', 'Radeon R5 M335', '用于笔记本电脑', '1.41', 'GCN 1.0', '2015', '891 USD', '−'
'406', 'Mobility Radeon HD 5730', '用于笔记本电脑', '1.40', 'Terascale 2', '2010', '−', '26 W'
'407', 'Radeon HD 6570M', '用于笔记本电脑', '1.40', 'Terascale 2', '2010', '338 USD', '30 W'
'408', 'Radeon R7 M265', '用于笔记本电脑', '1.40', 'GCN', '2014', '585 USD', '−'
'409', 'Radeon HD 8670D', '桌面', '1.38', 'Terascale 3', '2013', '89 USD', '100 W'
'410', 'Mobility Radeon HD 5830', '用于笔记本电脑', '1.38', 'Terascale 2', '2010', '−', '24 W'
'411', 'Radeon R5 M255', '用于笔记本电脑', '1.37', 'GCN', '2014', '−', '−'
'412', 'FirePro M5800', '用于移动工作站', '1.37', 'Terascale 2', '2010', '60 USD', '26 W'
'413', 'Mobility Radeon HD 5650', '用于笔记本电脑', '1.35', 'Terascale 2', '2010', '24 USD', '15 W'
'414', 'Mobility Radeon HD 3870', '用于笔记本电脑', '1.35', 'RV6xx', '2008', '−', '55 W'
'415', 'Radeon HD 8670M', '用于笔记本电脑', '1.34', 'GCN', '2012', '338 USD', '−'
'416', 'Mobility Radeon', '桌面', '1.34', 'Rage 6', '2001', '202 USD', '−'
'417', 'Radeon HD 6680G2', '用于笔记本电脑', '1.34', 'Terascale 2', '2011', '−', '−'
'418', 'Radeon R5 (Stoney Ridge)', '用于笔记本电脑', '1.33', 'GCN 1.2/2.0', '2016', '−', '12 W'
'419', 'Mobility Radeon HD 4830', '用于笔记本电脑', '1.33', 'Terascale 1', '2009', '−', '−'
'420', 'Radeon HD 6510G2', '用于笔记本电脑', '1.33', 'Terascale 2', '2011', '−', '−'
'421', 'Radeon HD 6520G + HD 7450M Dual Graphics', '用于笔记本电脑', '1.32', 'Terascale 2', '2012', '90 USD', '−'
'422', 'Radeon HD 6730M', '用于笔记本电脑', '1.32', 'Terascale 2', '2011', '338 USD', '35 W'
'423', 'Radeon HD 6550M', '用于笔记本电脑', '1.31', 'Terascale 2', '2010', '338 USD', '26 W'
'424', 'Radeon HD 6540G2', '用于笔记本电脑', '1.29', 'Terascale 2', '2011', '−', '−'
'425', 'Radeon HD 7660D', '桌面', '1.29', 'Terascale 3', '2012', '41 USD', '100 W'
'426', 'Radeon HD 6530M', '用于笔记本电脑', '1.29', 'Terascale 2', '2010', '338 USD', '26 W'
'427', 'Radeon R7 M265DX', '桌面', '1.28', 'GCN 3.0', '2014', '−', '−'
'428', 'Radeon R5 M420', '用于笔记本电脑', '1.25', 'GCN', '2016', '−', '−'
'429', 'Radeon R7 M260', '用于笔记本电脑', '1.25', 'GCN', '2014', '430 USD', '−'
'430', 'Radeon HD 5570', '桌面', '1.24', 'Terascale 2', '2010', '149 USD', '39 W'
'431', 'Radeon HD 7670M', '用于笔记本电脑', '1.22', 'Terascale 2', '2011', '338 USD', '20 W'
'432', 'Radeon R5 M315', '用于笔记本电脑', '1.22', 'GCN', '2015', '−', '−'
'433', 'Radeon HD 7660G', '用于笔记本电脑', '1.22', 'Terascale 3', '2012', '950 USD', '35 W'
'434', 'Radeon R5 (Kaveri)', '用于笔记本电脑', '1.20', 'GCN 1.1', '2014', '−', '−'
'435', 'Radeon HD 7550M', '用于笔记本电脑', '1.19', 'Terascale 2', '2012', '338 USD', '14 W'
'436', 'Mobility Radeon HD 4670', '用于笔记本电脑', '1.19', 'Terascale 1', '2009', '143 USD', '35 W'
'437', 'Radeon HD 7560D', '桌面', '1.18', 'Terascale 3', '2012', '39 USD', '65 W'
'438', 'Radeon HD 7640G', '用于笔记本电脑', '1.18', 'Terascale 3', '2012', '338 USD', '35 W'
'439', 'Radeon HD 6480G + HD 7450M Dual Graphics', '用于笔记本电脑', '1.18', 'Terascale 2', '2012', '90 USD', '−'
'440', 'Radeon HD 7500G + HD 7550M Dual Graphics', '用于笔记本电脑', '1.18', 'Terascale 3', '2012', '105 USD', '−'
'441', 'Radeon HD 7650M', '用于笔记本电脑', '1.13', 'Terascale 2', '2012', '338 USD', '20 W'
'442', 'Radeon R5 M320', '用于笔记本电脑', '1.13', 'GCN 2.0', '2015', '−', '−'
'443', 'Radeon R4 (Stoney Ridge)', '用于笔记本电脑', '1.12', 'GCN 1.2/2.0', '2016', '−', '15 W'
'444', 'Radeon HD 8570D', '桌面', '1.12', 'Terascale 3', '2012', '79 USD', '65 W'
'445', 'Radeon HD 8410G', '用于笔记本电脑', '1.12', 'TeraScale 3', '2013', '338 USD', '35 W'
'446', 'Caicos', '桌面', '1.11', 'TeraScale 2', '−', '18 USD', '−'
'447', 'Radeon HD 3850 AGP', '桌面', '1.11', 'TeraScale', '2008', '−', '75 W'
'448', 'Radeon HD 7570M', '用于笔记本电脑', '1.11', 'Terascale 2', '2012', '712 USD', '13 W'
'449', 'Radeon HD 8610G', '用于笔记本电脑', '1.10', 'Terascale 3', '2013', '338 USD', '−'
'450', 'Radeon R5 (Beema/Carrizo-L)', '用于笔记本电脑', '1.10', 'GCN 1.1', '2014', '−', '−'
'451', 'Radeon R5 M240', '用于笔记本电脑', '1.09', 'GCN', '2014', '−', '−'
'452', 'FirePro M2000', '用于移动工作站', '1.09', 'Terascale 2', '2012', '387 USD', '33 W'
'453', 'Mobility Radeon HD 5165', '用于笔记本电脑', '1.09', 'Terascale 1', '2010', '−', '35 W'
'454', 'Radeon HD 8570M', '用于笔记本电脑', '1.08', 'GCN', '2012', '338 USD', '−'
'455', 'Radeon R5 M230', '用于笔记本电脑', '1.06', 'GCN', '2014', '−', '−'
'456', 'Radeon HD 8550G', '用于笔记本电脑', '1.05', 'Terascale 3', '2013', '338 USD', '35 W'
'457', 'Radeon HD 7470M', '用于笔记本电脑', '1.05', 'Terascale 2', '2011', '700 USD', '7 W'
'458', 'Radeon E4690', '桌面', '1.04', 'TeraScale', '2009', '−', '30 W'
'459', 'Radeon R2 (Stoney Ridge)', '用于笔记本电脑', '1.04', 'GCN 1.2/2.0', '2016', '−', '15 W'
'460', 'Radeon HD 6550D', '桌面', '1.03', 'Terascale 2', '2011', '49 USD', '65 W'
'461', 'Mobility Radeon HD 4650', '用于笔记本电脑', '1.03', 'Terascale 1', '2009', '−', '35 W'
'462', 'Radeon R4 (Beema)', '用于笔记本电脑', '1.03', 'GCN 1.1', '2014', '−', '−'
'463', 'Radeon HD 3850', '桌面', '1.03', 'TeraScale', '2007', '30 USD', '75 W'
'464', 'Radeon HD 6450 GDDR5', '桌面', '0.99', 'Terascale 2', '2011', '129 USD', '27 W'
'465', 'Radeon HD 4670', '桌面', '0.98', 'TeraScale', '2008', '181 USD', '59 W'
'466', 'Radeon HD 6490M', '用于笔记本电脑', '0.97', 'Terascale 2', '2011', '248 USD', '−'
'467', 'Radeon HD 5550', '桌面', '0.95', 'TeraScale 2', '2010', '129 USD', '39 W'
'468', 'Radeon HD 8510G', '用于笔记本电脑', '0.94', 'TeraScale 3', '2013', '659 USD', '35 W'
'469', 'Radeon HD 8450G', '用于笔记本电脑', '0.94', 'Terascale 3', '2013', '338 USD', '35 W'
'470', 'Radeon HD 8470D', '桌面', '0.93', 'Terascale 3', '2013', '37 USD', '65 W'
'471', 'Radeon HD 7620G', '用于笔记本电脑', '0.92', 'Terascale 3', '2012', '338 USD', '25 W'
'472', 'Radeon HD 6620G', '用于笔记本电脑', '0.90', 'Terascale 2', '2011', '338 USD', '35 W'
'473', 'Radeon HD 8310E', '桌面', '0.87', 'GCN 2.0', '2013', '−', '25 W'
'474', 'Radeon R4 (Kaveri)', '用于笔记本电脑', '0.86', 'GCN 1.1', '2014', '−', '−'
'475', 'Radeon HD 7450M', '用于笔记本电脑', '0.85', 'Terascale 2', '2012', '338 USD', '7 W'
'476', 'Radeon R3 (Mullins/Beema)', '用于笔记本电脑', '0.84', 'GCN 1.1', '2014', '−', '−'
'477', 'Radeon E6460', '桌面', '0.83', 'TeraScale 2', '2011', '150 USD', '25 W'
'478', 'Radeon HD 7520G', '用于笔记本电脑', '0.81', 'Terascale 3', '2012', '90 USD', '35 W'
'479', 'Radeon HD 7600G', '用于笔记本电脑', '0.79', 'Terascale 3', '2012', '338 USD', '19 W'
'480', 'Radeon HD 7420G', '用于笔记本电脑', '0.79', 'Terascale 3', '2012', '338 USD', '35 W'
'481', 'Mobility Radeon HD 560v', '用于笔记本电脑', '0.78', 'Terascale 1', '2010', '56 USD', '15 W'
'482', 'Radeon HD 8350G', '用于笔记本电脑', '0.78', 'Terascale 3', '2013', '338 USD', '35 W'
'483', 'Cedar', '桌面', '0.78', 'TeraScale 2', '−', '14 USD', '−'
'484', 'Mobility Radeon HD 550v', '用于笔记本电脑', '0.77', 'Terascale 1', '2010', '56 USD', '10 W'
'485', 'Radeon HD 6520G', '用于笔记本电脑', '0.77', 'Terascale 2', '2011', '338 USD', '35 W'
'486', 'Radeon HD 7500G', '用于笔记本电脑', '0.75', 'Terascale 3', '2012', '338 USD', '17 W'
'487', 'Radeon HD 2900 GT', '桌面', '0.75', 'TeraScale', '2007', '−', '150 W'
'488', 'Radeon HD 7450A', '桌面', '0.74', 'TeraScale 2', '2012', '13 USD', '25 W'
'489', 'Radeon HD 8280', '用于笔记本电脑', '0.74', 'GCN', '2013', '−', '15 W'
'490', 'Radeon HD 2600 XT', '桌面', '0.72', 'TeraScale', '2007', '144 USD', '45 W'
'491', 'Radeon HD 7480D', '桌面', '0.72', 'Terascale 3', '2012', '215 USD', '65 W'
'492', 'Radeon HD 6370M', '用于笔记本电脑', '0.71', 'Terascale 2', '2010', '338 USD', '11 W'
'493', 'Radeon HD 5470', '桌面', '0.69', 'TeraScale 2', '2012', '73 USD', '19 W'
'494', 'Radeon HD 8400E', '桌面', '0.69', 'GCN 2.0', '2013', '293 USD', '25 W'
'495', 'Radeon HD 7400G', '用于笔记本电脑', '0.69', 'Terascale 3', '2012', '338 USD', '17 W'
'496', 'Radeon HD 8330E', '桌面', '0.68', 'GCN 2.0', '2013', '142 USD', '15 W'
'497', 'Radeon R6 (Mullins)', '用于笔记本电脑', '0.68', 'GCN 1.1', '2014', '−', '−'
'498', 'Radeon R2 (Mullins/Beema/Carrizo-L)', '用于笔记本电脑', '0.67', 'GCN 1.1', '2014', '−', '−'
'499', 'Radeon HD 8400', '用于笔记本电脑', '0.67', 'GCN', '2013', '78 USD', '25 W'
'500', 'Radeon HD 6450A', '桌面', '0.67', 'TeraScale 2', '2011', '123 USD', '25 W'
'501', 'Radeon HD 6480G', '用于笔记本电脑', '0.67', 'Terascale 2', '2011', '362 USD', '35 W'
'502', 'Mobility Radeon HD 3850', '用于笔记本电脑', '0.65', 'RV6xx', '2007', '−', '55 W'
'503', 'Radeon HD 8330', '用于笔记本电脑', '0.65', 'GCN', '2013', '143 USD', '15 W'
'504', 'Radeon HD 6450M', '用于笔记本电脑', '0.63', 'Terascale 2', '2011', '35 USD', '−'
'505', 'Radeon HD 8240', '用于笔记本电脑', '0.61', 'GCN', '2013', '280 USD', '15 W'
'506', 'Mobility Radeon HD 5470', '用于笔记本电脑', '0.61', 'Terascale 2', '2010', '94 USD', '13 W'
'507', 'Radeon HD 8280E', '桌面', '0.61', 'GCN 2.0', '2013', '59 USD', '15 W'
'508', 'Radeon HD 4550', '桌面', '0.60', 'TeraScale', '2008', '116 USD', '25 W'
'509', 'Radeon E6465', '桌面', '0.59', 'TeraScale 2', '2015', '−', '25 W'
'510', 'Radeon HD 4650', '桌面', '0.59', 'TeraScale', '2008', '154 USD', '48 W'
'511', 'Radeon HD 6470M', '用于笔记本电脑', '0.58', 'Terascale 2', '2011', '201 USD', '−'
'512', 'Radeon R5 230', '桌面', '0.57', 'TeraScale 2', '2014', '76 USD', '19 W'
'513', 'Radeon HD 8250', '用于笔记本电脑', '0.56', 'GCN', '2013', '501 USD', '8 W'
'514', 'Radeon HD 2600 PRO', '桌面', '0.54', 'TeraScale', '2007', '100 USD', '35 W'
'515', 'Radeon HD 4650 AGP', '桌面', '0.53', 'TeraScale', '2008', '249 USD', '48 W'
'516', 'Radeon HD 6380G', '用于笔记本电脑', '0.53', 'Terascale 2', '2011', '338 USD', '35 W'
'517', 'Radeon HD 4570', '桌面', '0.51', 'TeraScale', '2008', '25 USD', '25 W'
'518', 'Radeon HD 6450', '桌面', '0.51', 'TeraScale 2', '2011', '166 USD', '18 W'
'519', 'FirePro 2270', '用于工作站', '−', 'TeraScale 2', '2011', '218 USD', '15 W'
'520', 'Radeon HD 6230', '桌面', '−', 'TeraScale 2', '2011', '−', '19 W'
'521', 'Radeon HD 6250', '用于笔记本电脑', '−', 'Terascale 2', '2010', '225 USD', '19 W'
'522', 'Radeon HD 6290', '用于笔记本电脑', '−', 'Terascale 2', '2011', '−', '19 W'
'523', 'Radeon HD 6310', '用于笔记本电脑', '−', 'Terascale 2', '2010', '461 USD', '18 W'
'524', 'Radeon HD 6320', '用于笔记本电脑', '−', 'Terascale 2', '2010', '115 USD', '18 W'
'525', 'Radeon HD 6350', '桌面', '−', 'TeraScale 2', '2011', '19 USD', '19 W'
'526', 'Radeon HD 6430M', '用于笔记本电脑', '−', 'Terascale 2', '2011', '338 USD', '−'
'527', 'Radeon HD 7290', '用于笔记本电脑', '−', 'Terascale 2', '2011', '160 USD', '18 W'
'528', 'Radeon HD 7310', '用于笔记本电脑', '−', 'Terascale 2', '2012', '516 USD', '18 W'
'529', 'Radeon HD 7340', '用于笔记本电脑', '−', 'Terascale 2', '2012', '199 USD', '18 W'
'530', 'Radeon HD 8180', '用于笔记本电脑', '−', 'GCN', '2013', '−', '4 W'
'531', 'Radeon HD 8210', '用于笔记本电脑', '−', 'GCN', '2013', '260 USD', '8 W'
'532', 'Radeon HD 8210E', '桌面', '−', 'GCN 2.0', '2013', '−', '9 W'
'533', 'Mobility FireGL V5700', '用于移动工作站', '−', 'RV6xx', '2008', '−', '−'
'534', 'Mobility Radeon HD 2600 XT', '用于笔记本电脑', '−', 'RV6xx', '2007', '−', '−'
'535', 'Mobility Radeon HD 3470', '用于笔记本电脑', '−', 'RV6xx', '2007', '149 USD', '12 W'
'536', 'Mobility Radeon HD 3650', '用于笔记本电脑', '−', 'RV6xx', '2008', '93 USD', '30 W'
'537', 'Mobility Radeon HD 3670', '用于笔记本电脑', '−', 'RV6xx', '2008', '−', '30 W'
'538', 'Mobility Radeon HD 4330', '用于笔记本电脑', '−', 'Terascale 1', '2009', '−', '−'
'539', 'Mobility Radeon HD 4530', '用于笔记本电脑', '−', 'Terascale 1', '2009', '−', '−'
'540', 'Mobility Radeon HD 4550', '用于笔记本电脑', '−', 'Terascale 1', '2010', '−', '−'
'541', 'Mobility Radeon HD 4570', '用于笔记本电脑', '−', 'Terascale 1', '2009', '−', '−'
'542', 'Mobility Radeon HD 5145', '用于笔记本电脑', '−', 'Terascale 1', '2010', '−', '15 W'
'543', 'Mobility Radeon HD 540v', '用于笔记本电脑', '−', 'Terascale 1', '2010', '56 USD', '15 W'
'544', 'Mobility Radeon HD 5430', '用于笔记本电脑', '−', 'Terascale 2', '2010', '−', '7 W'
'545', 'Mobility Radeon HD 545v', '用于笔记本电脑', '−', 'Terascale 1', '2010', '56 USD', '15 W'
'546', 'Radeon 9500', '桌面', '−', 'Rage 8', '2003', '143 USD', '12 W'
'547', 'Radeon 9550', '桌面', '−', 'Rage 8', '2003', '131 USD', '−'
'548', 'Radeon 9600 PRO', '桌面', '−', 'Rage 8', '2003', '184 USD', '18 W'
'549', 'Radeon 9600 XT', '桌面', '−', 'Rage 9', '2003', '170 USD', '22 W'
'550', 'Radeon 9700 PRO', '桌面', '−', 'Rage 8', '2002', '80 USD', '−'
'551', 'Radeon 9800', '桌面', '−', 'Rage 8', '2003', '43 USD', '37 W'
'552', 'Radeon 9800 PRO', '桌面', '−', 'Rage 8', '2003', '54 USD', '47 W'
'553', 'Radeon 9800 SE', '桌面', '−', 'Rage 8', '2003', '18 USD', '−'
'554', 'Radeon 9800 XT', '桌面', '−', 'Rage 9', '2003', '−', '60 W'
'555', 'Radeon E2400', '桌面', '−', 'TeraScale', '2007', '−', '25 W'
'556', 'Radeon HD 2400', '桌面', '−', 'TeraScale', '2008', '44 USD', '20 W'
'557', 'Radeon HD 2400 PRO', '桌面', '−', 'TeraScale', '2007', '57 USD', '20 W'
'558', 'Radeon HD 2400 XT', '桌面', '−', 'TeraScale', '2007', '47 USD', '25 W'
'559', 'Radeon HD 2600 PRO AGP', '桌面', '−', 'TeraScale', '2007', '−', '35 W'
'560', 'Radeon HD 3200', '用于笔记本电脑', '−', 'RV6xx', '2008', '260 USD', '−'
'561', 'Radeon HD 3450', '桌面', '−', 'TeraScale', '2007', '56 USD', '25 W'
'562', 'Radeon HD 3470', '桌面', '−', 'TeraScale', '2008', '92 USD', '30 W'
'563', 'Radeon HD 3650 AGP', '桌面', '−', 'TeraScale', '2008', '120 USD', '65 W'
'564', 'Radeon HD 4200', '用于笔记本电脑', '−', 'RV6xx', '2009', '139 USD', '−'
'565', 'Radeon HD 4250', '用于笔记本电脑', '−', 'RV6xx', '2010', '199 USD', '25 W'
'566', 'Radeon HD 4270', '用于笔记本电脑', '−', 'RV6xx', '2010', '−', '−'
'567', 'Radeon HD 4350', '桌面', '−', 'Terascale 1', '2008', '81 USD', '20 W'
'568', 'Radeon HD 5450', '桌面', '−', 'TeraScale 2', '2010', '205 USD', '19 W'
'569', 'Radeon IGP 350M', '桌面', '−', 'Rage 6', '2002', '128 USD', '−'
'570', 'Radeon X1050', '桌面', '−', 'Rage 9', '2006', '25 USD', '24 W'
'571', 'Radeon X1300', '桌面', '−', 'R500', '2005', '67 USD', '−'
'572', 'Radeon X1300 PRO', '桌面', '−', 'R500', '2005', '64 USD', '31 W'
'573', 'Radeon X1550', '桌面', '−', 'Ultra-Threaded SE', '2007', '129 USD', '27 W'
'574', 'Radeon X1600', '桌面', '−', 'Ultra-Threaded SE', '2007', '104 USD', '27 W'
'575', 'Radeon X1600 PRO', '桌面', '−', 'R500', '2007', '124 USD', '41 W'
'576', 'Radeon X1600 XT', '桌面', '−', 'R500', '2007', '76 USD', '42 W'
'577', 'Radeon X1650 GTO', '桌面', '−', 'R500', '2007', '−', '−'
'578', 'Radeon X1650 PRO', '桌面', '−', 'Ultra-Threaded SE', '2007', '166 USD', '44 W'
'579', 'Radeon X1650 SE', '桌面', '−', 'Ultra-Threaded SE', '2007', '−', '27 W'
'580', 'Radeon X1800 GTO', '桌面', '−', 'R500', '2006', '220 USD', '48 W'
'581', 'Radeon X1900 CrossFire Edition', '桌面', '−', 'R500', '2006', '−', '100 W'
'582', 'Radeon X1900 GT', '桌面', '−', 'R500', '2006', '44 USD', '75 W'
'583', 'Radeon X1950 CrossFire Edition', '桌面', '−', 'R500', '2006', '−', '−'
'584', 'Radeon X1950 GT', '桌面', '−', 'R500', '2007', '−', '57 W'
'585', 'Radeon X1950 PRO', '桌面', '−', 'R500', '2006', '147 USD', '66 W'
'586', 'Radeon X550', '桌面', '−', 'Rage 9', '2005', '109 USD', '−'
'587', 'Radeon X600 PRO', '桌面', '−', 'Rage 9', '2004', '50 USD', '36 W'
'588', 'Radeon X600 SE', '桌面', '−', 'Rage 9', '2004', '39 USD', '36 W'
'589', 'Radeon X700', '桌面', '−', 'R400', '2004', '314 USD', '44 W'
'590', 'Radeon X700 PRO', '桌面', '−', 'R400', '2004', '682 USD', '33 W'
'591', 'Radeon X700 SE', '桌面', '−', 'R400', '2005', '−', '−'
'592', 'Radeon X800 GT', '桌面', '−', 'R400', '2005', '−', '40 W'
'593', 'Radeon X800 GTO', '桌面', '−', 'R400', '2007', '246 USD', '49 W'
'594', 'Radeon X800 PRO', '桌面', '−', 'R400', '2004', '307 USD', '48 W'
'595', 'Radeon X800 SE', '桌面', '−', 'R400', '2004', '130 USD', '−'
'596', 'Radeon X800 XL', '桌面', '−', 'R400', '2004', '259 USD', '49 W'
'597', 'Radeon X800 XT', '桌面', '−', 'R400', '2004', '95 USD', '54 W'
'598', 'Radeon X850 PRO', '桌面', '−', 'R400', '2004', '180 USD', '−'
'599', 'Radeon X850 XT', '桌面', '−', 'R400', '2004', '70 USD', '69 W'
'600', 'Radeon Xpress 1100', '用于笔记本电脑', '−', 'Rage 8', '2006', '−', '−'
'601', 'Radeon Xpress 1150', '用于笔记本电脑', '−', 'Rage 9', '2006', '−', '−'
'602', 'Radeon Xpress 1250', '用于笔记本电脑', '−', 'R400', '2006', '−', '−'
'603', 'Radeon Xpress 200M', '用于笔记本电脑', '−', '2005', '−', '−'
